{
  "config": {
    "run_name": "exp1_2_K258_L2",
    "out_dir": "./results",
    "seed": 42,
    "bs_train": 128,
    "bs_test": 32,
    "batches": 100,
    "epochs": 10,
    "early_stopping": 3,
    "checkpoints": null,
    "lr": 0.001,
    "reg": 0.001,
    "filters_per_layer": [
      258
    ],
    "layers_per_block": 2,
    "pool_every": 1,
    "hidden_dims": [
      100
    ],
    "ycn": false,
    "kw": {}
  },
  "results": {
    "num_epochs": 10,
    "train_loss": [
      1.5504598769995257,
      1.213286572557581,
      1.094482693983161,
      1.014451547809269,
      0.9577153283921654,
      0.9087106689162876,
      0.8657169575276582,
      0.8282141865366865,
      0.8059717456398108,
      0.7773151757467128
    ],
    "train_acc": [
      44.368,
      57.258,
      61.558,
      64.28,
      66.472,
      68.286,
      69.876,
      71.21,
      71.956,
      72.888
    ],
    "test_loss": [
      1.2807245254516602,
      1.144041637833507,
      1.085157986647024,
      1.0273817132075374,
      0.9970153756796742,
      0.971402781078229,
      0.9377477757466106,
      0.9254761100196229,
      0.9294252645093412,
      0.9254813671302491
    ],
    "test_acc": [
      54.25,
      59.63,
      61.94,
      63.95,
      64.88,
      65.94,
      67.22,
      67.45,
      67.6,
      67.83
    ]
  }
}