{
  "config": {
    "run_name": "exp1_2_K32_L4",
    "out_dir": "./results",
    "seed": 42,
    "bs_train": 128,
    "bs_test": 32,
    "batches": 100,
    "epochs": 10,
    "early_stopping": 3,
    "checkpoints": null,
    "lr": 0.001,
    "reg": 0.001,
    "filters_per_layer": [
      32
    ],
    "layers_per_block": 4,
    "pool_every": 2,
    "hidden_dims": [
      100
    ],
    "ycn": false,
    "kw": {}
  },
  "results": {
    "num_epochs": 10,
    "train_loss": [
      1.7671049613781902,
      1.39923009268768,
      1.2231857814752232,
      1.1010846184647602,
      1.0101788758926684,
      0.9363635455251045,
      0.8721497278384236,
      0.8175904913936429,
      0.7701243617955376,
      0.7271185739875754
    ],
    "train_acc": [
      34.964,
      49.338,
      56.15,
      60.724,
      64.068,
      66.978,
      69.282,
      71.388,
      72.972,
      74.578
    ],
    "test_loss": [
      1.5112061073985725,
      1.2814588367748565,
      1.1324497729825516,
      1.069218559387012,
      1.0130449775308847,
      0.9597551380864348,
      0.9266047399645796,
      0.912347803862331,
      0.8911283423725408,
      0.8735623671985663
    ],
    "test_acc": [
      45.38,
      54.06,
      59.83,
      62.22,
      64.37,
      66.34,
      67.7,
      68.82,
      69.29,
      69.93
    ]
  }
}