{
  "config": {
    "run_name": "exp1_2_K128_L2",
    "out_dir": "./results",
    "seed": 42,
    "bs_train": 128,
    "bs_test": 32,
    "batches": 100,
    "epochs": 10,
    "early_stopping": 3,
    "checkpoints": null,
    "lr": 0.001,
    "reg": 0.001,
    "filters_per_layer": [
      128
    ],
    "layers_per_block": 2,
    "pool_every": 1,
    "hidden_dims": [
      100
    ],
    "ycn": false,
    "kw": {}
  },
  "results": {
    "num_epochs": 10,
    "train_loss": [
      1.5345269517825388,
      1.2045287239886915,
      1.0764595312840493,
      0.9848367137372341,
      0.9178795549265869,
      0.8651839220310416,
      0.8252167312995248,
      0.7887279095552157,
      0.7542717404987501,
      0.7283151939396968
    ],
    "train_acc": [
      44.826,
      57.486,
      62.244,
      65.63,
      67.938,
      69.934,
      71.34,
      72.64,
      73.906,
      74.75
    ],
    "test_loss": [
      1.2819620865983323,
      1.112930148173445,
      1.0320298248967423,
      0.9744784055045619,
      0.9364023808473215,
      0.9053883625866886,
      0.8805526184578674,
      0.8737891688704872,
      0.8628651463566497,
      0.8581047920754161
    ],
    "test_acc": [
      54.79,
      60.64,
      64.1,
      65.92,
      67.58,
      68.52,
      69.14,
      69.47,
      69.98,
      70.0
    ]
  }
}