{
  "config": {
    "run_name": "exp1_1_K32_L16",
    "out_dir": "./results",
    "seed": 42,
    "bs_train": 128,
    "bs_test": 32,
    "batches": 100,
    "epochs": 10,
    "early_stopping": 3,
    "checkpoints": null,
    "lr": 0.001,
    "reg": 0.001,
    "filters_per_layer": [
      32
    ],
    "layers_per_block": 16,
    "pool_every": 8,
    "hidden_dims": [
      100
    ],
    "ycn": false,
    "kw": {}
  },
  "results": {
    "num_epochs": 10,
    "train_loss": [
      2.3029746210483637,
      2.3027592357772084,
      2.302725395583131,
      2.302715646641334,
      2.3027058263568927,
      2.302701289696462,
      2.3026989762435486,
      2.302702226297325,
      2.3027135917292836,
      2.302700462243746
    ],
    "train_acc": [
      9.926,
      9.878,
      9.88,
      9.754,
      9.762,
      9.714,
      9.726,
      9.664,
      9.614,
      9.722
    ],
    "test_loss": [
      2.3026755290290417,
      2.3026265427708243,
      2.3026141015866313,
      2.302608645381257,
      2.302604136756434,
      2.3026020245049326,
      2.302600957334232,
      2.302601036553185,
      2.3026040263069323,
      2.302600924580242
    ],
    "test_acc": [
      10.0,
      10.0,
      10.0,
      10.0,
      10.0,
      10.0,
      10.0,
      10.0,
      10.0,
      10.0
    ]
  }
}