{
  "config": {
    "run_name": "exp1_2_K32_L2",
    "out_dir": "./results",
    "seed": 42,
    "bs_train": 128,
    "bs_test": 32,
    "batches": 100,
    "epochs": 10,
    "early_stopping": 3,
    "checkpoints": null,
    "lr": 0.001,
    "reg": 0.001,
    "filters_per_layer": [
      32
    ],
    "layers_per_block": 2,
    "pool_every": 1,
    "hidden_dims": [
      100
    ],
    "ycn": false,
    "kw": {}
  },
  "results": {
    "num_epochs": 10,
    "train_loss": [
      1.6380123460994047,
      1.3250015861238056,
      1.1976353251720633,
      1.1018150919843512,
      1.0286761920165528,
      0.9721103129179581,
      0.9262458861941267,
      0.891113587962392,
      0.8609310855036196,
      0.8309166306424933
    ],
    "train_acc": [
      40.842,
      52.838,
      57.686,
      61.314,
      63.972,
      66.078,
      67.712,
      68.984,
      70.12,
      71.216
    ],
    "test_loss": [
      1.4254749803878248,
      1.259138043505696,
      1.1371897919871174,
      1.053484329590782,
      1.0080089759521973,
      0.9822385950972097,
      0.957348772036001,
      0.9413239700725665,
      0.92995984580951,
      0.9128774693027472
    ],
    "test_acc": [
      48.62,
      55.29,
      60.25,
      63.57,
      65.36,
      66.3,
      67.26,
      67.78,
      67.83,
      68.64
    ]
  }
}