{
  "config": {
    "run_name": "exp1_1_K64_L16",
    "out_dir": "./results",
    "seed": 42,
    "bs_train": 128,
    "bs_test": 32,
    "batches": 100,
    "epochs": 10,
    "early_stopping": 3,
    "checkpoints": null,
    "lr": 0.001,
    "reg": 0.001,
    "filters_per_layer": [
      64
    ],
    "layers_per_block": 16,
    "pool_every": 8,
    "hidden_dims": [
      100
    ],
    "ycn": false,
    "kw": {}
  },
  "results": {
    "num_epochs": 10,
    "train_loss": [
      2.3032545525094736,
      2.302830083900705,
      2.302755385103738,
      2.3027338158444066,
      2.3027228473702355,
      2.3027248632572497,
      2.3027121258513703,
      2.3027032354603643,
      2.302725496804318,
      2.3027010646927386
    ],
    "train_acc": [
      9.704,
      9.628,
      9.842,
      9.724,
      9.738,
      9.682,
      9.648,
      9.726,
      9.68,
      9.686
    ],
    "test_loss": [
      2.302719449844604,
      2.3026594239682816,
      2.302622917742013,
      2.3026148511198,
      2.3026169854612015,
      2.302605169649703,
      2.3026036149777545,
      2.3026026140767546,
      2.3026056845728964,
      2.302601714484608
    ],
    "test_acc": [
      10.0,
      10.0,
      10.0,
      10.0,
      10.0,
      10.0,
      10.0,
      10.0,
      10.0,
      10.0
    ]
  }
}