{
  "config": {
    "run_name": "exp1_1_K64_L8",
    "out_dir": "./results",
    "seed": 42,
    "bs_train": 128,
    "bs_test": 32,
    "batches": 100,
    "epochs": 10,
    "early_stopping": 3,
    "checkpoints": null,
    "lr": 0.001,
    "reg": 0.001,
    "filters_per_layer": [
      64
    ],
    "layers_per_block": 8,
    "pool_every": 4,
    "hidden_dims": [
      100
    ],
    "ycn": false,
    "kw": {}
  },
  "results": {
    "num_epochs": 10,
    "train_loss": [
      2.3032881426994147,
      2.3028710583591705,
      2.3027772159527635,
      2.302743689178506,
      2.302736609793075,
      2.302722887614804,
      2.302714180153654,
      2.3027151002908304,
      2.3027041525487095,
      2.3027039336426482
    ],
    "train_acc": [
      9.646,
      9.79,
      9.682,
      9.712,
      9.678,
      9.798,
      9.764,
      9.71,
      9.808,
      9.64
    ],
    "test_loss": [
      2.3028638378118935,
      2.302731576438148,
      2.302648126126859,
      2.302628199513347,
      2.3026228309058534,
      2.3026136582651837,
      2.3026089790149236,
      2.302605897854692,
      2.3026029766558076,
      2.30260112948311
    ],
    "test_acc": [
      10.0,
      10.0,
      10.0,
      10.0,
      10.0,
      10.0,
      10.0,
      10.0,
      10.0,
      10.0
    ]
  }
}