{
  "config": {
    "run_name": "exp1_2_K128_L8",
    "out_dir": "./results",
    "seed": 42,
    "bs_train": 128,
    "bs_test": 32,
    "batches": 100,
    "epochs": 10,
    "early_stopping": 3,
    "checkpoints": null,
    "lr": 0.001,
    "reg": 0.001,
    "filters_per_layer": [
      128
    ],
    "layers_per_block": 8,
    "pool_every": 4,
    "hidden_dims": [
      100
    ],
    "ycn": false,
    "kw": {}
  },
  "results": {
    "num_epochs": 7,
    "train_loss": [
      2.3030929583722672,
      2.3027819690801907,
      2.302745989216563,
      2.3027158131075027,
      2.302706033677396,
      2.3027053708615512,
      2.3027012146952206
    ],
    "train_acc": [
      9.74,
      9.796,
      9.714,
      9.85,
      9.84,
      9.816,
      9.714
    ],
    "test_loss": [
      2.3026102335689167,
      2.302612461601964,
      2.3026034649187763,
      2.3025960754662655,
      2.302599153579614,
      2.302599517682109,
      2.3026000234646538
    ],
    "test_acc": [
      10.0,
      10.0,
      10.0,
      10.0,
      10.0,
      10.0,
      10.0
    ]
  }
}