{
  "config": {
    "run_name": "exp1_2_K128_L4",
    "out_dir": "./results",
    "seed": 42,
    "bs_train": 128,
    "bs_test": 32,
    "batches": 100,
    "epochs": 10,
    "early_stopping": 3,
    "checkpoints": null,
    "lr": 0.001,
    "reg": 0.001,
    "filters_per_layer": [
      128
    ],
    "layers_per_block": 4,
    "pool_every": 2,
    "hidden_dims": [
      100
    ],
    "ycn": false,
    "kw": {}
  },
  "results": {
    "num_epochs": 10,
    "train_loss": [
      1.5847819665508807,
      1.1377155078036705,
      0.9427586223768152,
      0.8218347317422442,
      0.7278815123736097,
      0.6600135519071613,
      0.6022504378310249,
      0.5430925955705326,
      0.4975740236546987,
      0.46036940332873705
    ],
    "train_acc": [
      41.852,
      59.432,
      66.43,
      70.992,
      74.542,
      77.018,
      78.96,
      81.046,
      82.502,
      83.73
    ],
    "test_loss": [
      1.2632732023827185,
      1.0445831541817028,
      0.9334171465791452,
      0.8374197534478891,
      0.8359766398755887,
      0.7971173351565108,
      0.8558174366958606,
      0.8505403649883149,
      0.8624938948276325,
      0.9082164755834939
    ],
    "test_acc": [
      54.52,
      63.32,
      67.35,
      70.8,
      71.38,
      73.03,
      71.71,
      72.45,
      72.36,
      71.95
    ]
  }
}