{
  "config": {
    "run_name": "exp1_1_K64_L4",
    "out_dir": "./results",
    "seed": 42,
    "bs_train": 128,
    "bs_test": 32,
    "batches": 100,
    "epochs": 10,
    "early_stopping": 3,
    "checkpoints": null,
    "lr": 0.001,
    "reg": 0.001,
    "filters_per_layer": [
      64
    ],
    "layers_per_block": 4,
    "pool_every": 2,
    "hidden_dims": [
      100
    ],
    "ycn": false,
    "kw": {}
  },
  "results": {
    "num_epochs": 10,
    "train_loss": [
      1.600015714955147,
      1.204360932187961,
      1.0308505322622217,
      0.9073130785656707,
      0.8090135493241918,
      0.7365251825288739,
      0.6730517523215555,
      0.6196035769436975,
      0.5724895277139171,
      0.5293790106578251
    ],
    "train_acc": [
      41.696,
      56.97,
      63.634,
      67.998,
      71.712,
      74.098,
      76.444,
      78.324,
      79.85,
      81.546
    ],
    "test_loss": [
      1.3098364994167901,
      1.0967570762283885,
      0.9777967501372195,
      0.946835041522218,
      0.8892159859022013,
      0.8607615064889097,
      0.8363546100668252,
      0.8133967039874568,
      0.8347624271822432,
      0.8816281643728859
    ],
    "test_acc": [
      52.29,
      61.12,
      65.58,
      66.88,
      69.3,
      70.38,
      71.89,
      72.83,
      72.02,
      71.0
    ]
  }
}