{
  "config": {
    "run_name": "exp1_3_L3_K64-128-256",
    "out_dir": "./results",
    "seed": 42,
    "bs_train": 128,
    "bs_test": 32,
    "batches": 100,
    "epochs": 10,
    "early_stopping": 3,
    "checkpoints": null,
    "lr": 0.001,
    "reg": 0.001,
    "filters_per_layer": [
      64,
      128,
      256
    ],
    "layers_per_block": 3,
    "pool_every": 3,
    "hidden_dims": [
      100
    ],
    "ycn": false,
    "kw": {}
  },
  "results": {
    "num_epochs": 10,
    "train_loss": [
      2.303087975972754,
      2.302765355390661,
      2.3027427446506823,
      2.302720967461081,
      2.302719818051819,
      2.3026999774796275,
      2.3026989475845374,
      2.302697752442811,
      2.302697514024232,
      2.3026984939184945
    ],
    "train_acc": [
      9.836,
      9.852,
      9.76,
      9.752,
      9.598,
      9.656,
      9.674,
      9.684,
      9.638,
      9.61
    ],
    "test_loss": [
      2.3026763136013626,
      2.3026193902134513,
      2.30261108593438,
      2.3026064744772623,
      2.3025995161586676,
      2.302600571141837,
      2.3026007760447054,
      2.302600538387847,
      2.302600653407673,
      2.3026002832114125
    ],
    "test_acc": [
      10.0,
      10.0,
      10.0,
      10.0,
      10.0,
      10.0,
      10.0,
      10.0,
      10.0,
      10.0
    ]
  }
}