{
  "config": {
    "run_name": "exp1_1_K32_L2",
    "out_dir": "./results",
    "seed": 42,
    "bs_train": 128,
    "bs_test": 32,
    "batches": 100,
    "epochs": 10,
    "early_stopping": 3,
    "checkpoints": null,
    "lr": 0.001,
    "reg": 0.001,
    "filters_per_layer": [
      32
    ],
    "layers_per_block": 2,
    "pool_every": 1,
    "hidden_dims": [
      100
    ],
    "ycn": false,
    "kw": {}
  },
  "results": {
    "num_epochs": 10,
    "train_loss": [
      1.637707308735079,
      1.3242186018268165,
      1.1957073704056118,
      1.1010804854695448,
      1.0281362602168032,
      0.9719949198500885,
      0.9285217098262913,
      0.8936054663889853,
      0.8613523839379821,
      0.8326389766715067
    ],
    "train_acc": [
      40.858,
      52.836,
      57.73,
      61.402,
      64.078,
      66.232,
      67.656,
      68.94,
      70.186,
      71.22
    ],
    "test_loss": [
      1.4241897412382376,
      1.2594977638211113,
      1.1391888024707952,
      1.0592165579811073,
      1.003495697396251,
      0.970819041751825,
      0.951369536760897,
      0.9396765662458377,
      0.927240123002293,
      0.9135379054294989
    ],
    "test_acc": [
      48.87,
      55.39,
      60.15,
      63.35,
      65.33,
      66.79,
      67.28,
      67.75,
      68.18,
      68.49
    ]
  }
}