{
  "config": {
    "run_name": "exp1_2_K64_L4",
    "out_dir": "./results",
    "seed": 42,
    "bs_train": 128,
    "bs_test": 32,
    "batches": 100,
    "epochs": 10,
    "early_stopping": 3,
    "checkpoints": null,
    "lr": 0.001,
    "reg": 0.001,
    "filters_per_layer": [
      64
    ],
    "layers_per_block": 4,
    "pool_every": 2,
    "hidden_dims": [
      100
    ],
    "ycn": false,
    "kw": {}
  },
  "results": {
    "num_epochs": 10,
    "train_loss": [
      1.5985690922383458,
      1.1873000910519944,
      1.015960213778269,
      0.8954110538868039,
      0.8091876808639682,
      0.7311079793269067,
      0.6685058497406943,
      0.618722126002202,
      0.5703747500391567,
      0.5280042491148195
    ],
    "train_acc": [
      41.792,
      57.604,
      64.176,
      68.712,
      71.694,
      74.356,
      76.67,
      78.346,
      79.916,
      81.302
    ],
    "test_loss": [
      1.3040089984290517,
      1.0995026059424915,
      0.9631038798501317,
      0.9255453868986319,
      0.8991186108452063,
      0.8576222046876487,
      0.8303407984800613,
      0.8371827095842209,
      0.8457467917817089,
      0.8497546649398133
    ],
    "test_acc": [
      53.18,
      61.41,
      66.23,
      67.94,
      69.29,
      70.51,
      71.58,
      71.27,
      72.16,
      72.12
    ]
  }
}