{
  "config": {
    "run_name": "exp1_3_L4_K64-128-256",
    "out_dir": "./results",
    "seed": 42,
    "bs_train": 128,
    "bs_test": 32,
    "batches": 100,
    "epochs": 10,
    "early_stopping": 3,
    "checkpoints": null,
    "lr": 0.001,
    "reg": 0.001,
    "filters_per_layer": [
      64,
      128,
      256
    ],
    "layers_per_block": 4,
    "pool_every": 4,
    "hidden_dims": [
      100
    ],
    "ycn": false,
    "kw": {}
  },
  "results": {
    "num_epochs": 10,
    "train_loss": [
      2.3030329055493444,
      2.3027400507036684,
      2.3027265974322852,
      2.302711370960831,
      2.3027022702004905,
      2.3027053306169827,
      2.302697253044304,
      2.3026983695261922,
      2.3026981548884944,
      2.30269805488684
    ],
    "train_acc": [
      9.93,
      9.882,
      9.706,
      9.72,
      9.688,
      9.668,
      9.676,
      9.644,
      9.632,
      9.63
    ],
    "test_loss": [
      2.3026024289786244,
      2.3026154643049637,
      2.302604128377506,
      2.3026010647368507,
      2.3026002192268735,
      2.302599876452559,
      2.30260022608236,
      2.3026000470779957,
      2.3026003548131584,
      2.302600459930615
    ],
    "test_acc": [
      10.0,
      10.0,
      10.0,
      10.0,
      10.0,
      10.0,
      10.0,
      10.0,
      10.0,
      10.0
    ]
  }
}