{
  "config": {
    "run_name": "exp1_2_K258_L4",
    "out_dir": "./results",
    "seed": 42,
    "bs_train": 128,
    "bs_test": 32,
    "batches": 100,
    "epochs": 10,
    "early_stopping": 3,
    "checkpoints": null,
    "lr": 0.001,
    "reg": 0.001,
    "filters_per_layer": [
      258
    ],
    "layers_per_block": 4,
    "pool_every": 2,
    "hidden_dims": [
      100
    ],
    "ycn": false,
    "kw": {}
  },
  "results": {
    "num_epochs": 8,
    "train_loss": [
      1.6059406575034647,
      1.1111049299959637,
      0.9197876453399658,
      0.7989034291423495,
      0.7141874453143391,
      0.6398842146482004,
      0.5747998792039769,
      0.5158281295805636
    ],
    "train_acc": [
      41.45,
      60.508,
      67.428,
      71.904,
      74.858,
      77.494,
      79.828,
      82.006
    ],
    "test_loss": [
      1.2386632268421185,
      1.038960603098519,
      0.9608772910250643,
      0.86606084691069,
      0.820475836817068,
      0.8235138569967434,
      0.8675525700703216,
      0.9254420017853332
    ],
    "test_acc": [
      55.42,
      63.0,
      66.74,
      69.66,
      71.88,
      72.75,
      71.99,
      71.6
    ]
  }
}