{
  "config": {
    "run_name": "exp1_2_K32_L8",
    "out_dir": "./results",
    "seed": 42,
    "bs_train": 128,
    "bs_test": 32,
    "batches": 100,
    "epochs": 10,
    "early_stopping": 3,
    "checkpoints": null,
    "lr": 0.001,
    "reg": 0.001,
    "filters_per_layer": [
      32
    ],
    "layers_per_block": 8,
    "pool_every": 4,
    "hidden_dims": [
      100
    ],
    "ycn": false,
    "kw": {}
  },
  "results": {
    "num_epochs": 10,
    "train_loss": [
      2.3031748841180826,
      2.3027993614411417,
      2.3027452379846207,
      2.3027241193425017,
      2.302715967378348,
      2.3027118557249495,
      2.3027154801751646,
      2.302718557055344,
      2.3027006890767674,
      2.3026981567177933
    ],
    "train_acc": [
      10.18,
      9.962,
      9.9,
      9.838,
      9.736,
      9.816,
      9.778,
      9.6,
      9.646,
      9.672
    ],
    "test_loss": [
      2.3027567185532933,
      2.302645521803786,
      2.3026162999125717,
      2.3026084001071916,
      2.3026050523447155,
      2.30260281593274,
      2.302600133152435,
      2.302606586450205,
      2.302602042024509,
      2.302601058643085
    ],
    "test_acc": [
      10.0,
      10.0,
      10.0,
      10.0,
      10.0,
      10.0,
      10.0,
      10.0,
      10.0,
      10.0
    ]
  }
}