{
  "config": {
    "run_name": "exp1_2_K258_L8",
    "out_dir": "./results",
    "seed": 42,
    "bs_train": 128,
    "bs_test": 32,
    "batches": 100,
    "epochs": 10,
    "early_stopping": 3,
    "checkpoints": null,
    "lr": 0.001,
    "reg": 0.001,
    "filters_per_layer": [
      258
    ],
    "layers_per_block": 8,
    "pool_every": 4,
    "hidden_dims": [
      100
    ],
    "ycn": false,
    "kw": {}
  },
  "results": {
    "num_epochs": 10,
    "train_loss": [
      2.3032080834478976,
      2.302776965948627,
      2.302773248204185,
      2.3027515868701594,
      2.302719568047682,
      2.3027176039907937,
      2.302693782864934,
      2.302701069570868,
      2.302697396339358,
      2.3027046909722526
    ],
    "train_acc": [
      9.724,
      9.926,
      9.818,
      9.746,
      9.644,
      9.688,
      9.612,
      9.77,
      9.688,
      9.614
    ],
    "test_loss": [
      2.3027016956585284,
      2.3026512842208815,
      2.3026509658216288,
      2.3026231142659537,
      2.3026101025529564,
      2.302597524259037,
      2.302606947505817,
      2.302604671484365,
      2.302603590602692,
      2.3026017121994458
    ],
    "test_acc": [
      10.0,
      10.0,
      10.0,
      10.0,
      10.0,
      10.0,
      10.0,
      10.0,
      10.0,
      10.0
    ]
  }
}