{
  "config": {
    "run_name": "exp1_2_K64_L2",
    "out_dir": "./results",
    "seed": 42,
    "bs_train": 128,
    "bs_test": 32,
    "batches": 100,
    "epochs": 10,
    "early_stopping": 3,
    "checkpoints": null,
    "lr": 0.001,
    "reg": 0.001,
    "filters_per_layer": [
      64
    ],
    "layers_per_block": 2,
    "pool_every": 1,
    "hidden_dims": [
      100
    ],
    "ycn": false,
    "kw": {}
  },
  "results": {
    "num_epochs": 10,
    "train_loss": [
      1.5478892344647965,
      1.2252970525370839,
      1.0855923500817146,
      0.9937136302823606,
      0.9317125025612619,
      0.8803588494925243,
      0.8391916751861572,
      0.7971778758956344,
      0.7606128373414355,
      0.7309803502334048
    ],
    "train_acc": [
      44.242,
      56.618,
      61.906,
      65.2,
      67.386,
      69.256,
      70.742,
      72.218,
      73.674,
      74.748
    ],
    "test_loss": [
      1.32819517580465,
      1.140442060967223,
      1.0440256487066373,
      0.9782197690619447,
      0.9324568272017824,
      0.9001330822801438,
      0.8863907621120112,
      0.8766597041878076,
      0.8600903094386141,
      0.8665392011308822
    ],
    "test_acc": [
      53.11,
      60.1,
      63.65,
      65.89,
      67.96,
      69.13,
      69.41,
      69.67,
      70.79,
      70.48
    ]
  }
}