{
  "config": {
    "run_name": "exp1_1_K32_L8",
    "out_dir": "./results",
    "seed": 42,
    "bs_train": 128,
    "bs_test": 32,
    "batches": 100,
    "epochs": 10,
    "early_stopping": 3,
    "checkpoints": null,
    "lr": 0.001,
    "reg": 0.001,
    "filters_per_layer": [
      32
    ],
    "layers_per_block": 8,
    "pool_every": 4,
    "hidden_dims": [
      100
    ],
    "ycn": false,
    "kw": {}
  },
  "results": {
    "num_epochs": 10,
    "train_loss": [
      2.303179109797758,
      2.3028044194516624,
      2.30274059095651,
      2.3027216936926096,
      2.3027140112484203,
      2.302710135574536,
      2.3027071068658853,
      2.3027032061915875,
      2.3026987841671995,
      2.302699115270239
    ],
    "train_acc": [
      10.152,
      9.942,
      9.836,
      9.732,
      9.706,
      9.742,
      9.762,
      9.662,
      9.584,
      9.65
    ],
    "test_loss": [
      2.3027164897979637,
      2.302644536898921,
      2.302614782564937,
      2.3026078570003325,
      2.3026045816013228,
      2.3026026628268794,
      2.3026051719348652,
      2.302600842314406,
      2.3026004050867246,
      2.302600398231238
    ],
    "test_acc": [
      10.0,
      10.0,
      10.0,
      10.0,
      10.0,
      10.0,
      10.0,
      10.0,
      10.0,
      10.0
    ]
  }
}