{
  "config": {
    "run_name": "exp1_2_K64_L8",
    "out_dir": "./results",
    "seed": 42,
    "bs_train": 128,
    "bs_test": 32,
    "batches": 100,
    "epochs": 10,
    "early_stopping": 3,
    "checkpoints": null,
    "lr": 0.001,
    "reg": 0.001,
    "filters_per_layer": [
      64
    ],
    "layers_per_block": 8,
    "pool_every": 4,
    "hidden_dims": [
      100
    ],
    "ycn": false,
    "kw": {}
  },
  "results": {
    "num_epochs": 10,
    "train_loss": [
      2.3032862146187316,
      2.3028458475761706,
      2.3027740969987174,
      2.302745845311743,
      2.302735498189316,
      2.3027262096209906,
      2.3027398092362583,
      2.30270753309245,
      2.302703352535472,
      2.3027004030964258
    ],
    "train_acc": [
      9.656,
      9.752,
      9.634,
      9.632,
      9.592,
      9.73,
      9.756,
      9.722,
      9.76,
      9.67
    ],
    "test_loss": [
      2.3028329165217976,
      2.302701114465634,
      2.30264824647873,
      2.302630156373825,
      2.302621962544255,
      2.302613233225033,
      2.3026070571935975,
      2.3026059945932214,
      2.302603136617155,
      2.302601546144333
    ],
    "test_acc": [
      10.0,
      10.0,
      10.0,
      10.0,
      10.0,
      10.0,
      10.0,
      10.0,
      10.0,
      10.0
    ]
  }
}