{
  "config": {
    "run_name": "exp1_3_L2_K64-128-256",
    "out_dir": "./results",
    "seed": 42,
    "bs_train": 128,
    "bs_test": 32,
    "batches": 100,
    "epochs": 10,
    "early_stopping": 3,
    "checkpoints": null,
    "lr": 0.001,
    "reg": 0.001,
    "filters_per_layer": [
      64,
      128,
      256
    ],
    "layers_per_block": 2,
    "pool_every": 2,
    "hidden_dims": [
      100
    ],
    "ycn": false,
    "kw": {}
  },
  "results": {
    "num_epochs": 10,
    "train_loss": [
      1.7897168602175115,
      1.3225322352041065,
      1.0662929165698682,
      0.9094811184022128,
      0.8079724663968586,
      0.7282171115241087,
      0.663163982846243,
      0.6012930542306827,
      0.5610394798733694,
      0.521294524221469
    ],
    "train_acc": [
      33.184,
      52.088,
      61.992,
      67.978,
      71.7,
      74.658,
      76.91,
      79.082,
      80.394,
      81.834
    ],
    "test_loss": [
      1.5049019667287222,
      1.1765705891691458,
      1.0170231453907757,
      0.8897466012083304,
      0.8396124924524143,
      0.8014015879113072,
      0.7900747984362105,
      0.7662883179065899,
      0.7449924703032825,
      0.7624080917134453
    ],
    "test_acc": [
      45.16,
      57.73,
      63.5,
      68.86,
      71.26,
      72.71,
      72.93,
      74.27,
      75.0,
      74.8
    ]
  }
}