{
  "config": {
    "run_name": "exp1_3_L1_K64-128-256",
    "out_dir": "./results",
    "seed": 42,
    "bs_train": 128,
    "bs_test": 32,
    "batches": 100,
    "epochs": 10,
    "early_stopping": 3,
    "checkpoints": null,
    "lr": 0.001,
    "reg": 0.001,
    "filters_per_layer": [
      64,
      128,
      256
    ],
    "layers_per_block": 1,
    "pool_every": 1,
    "hidden_dims": [
      100
    ],
    "ycn": false,
    "kw": {}
  },
  "results": {
    "num_epochs": 10,
    "train_loss": [
      1.5729711241734303,
      1.185182846415683,
      1.003341200406594,
      0.887055126449946,
      0.8055976682611744,
      0.7402278221476718,
      0.6838074673319716,
      0.6310723199106544,
      0.5873315601092776,
      0.5509494985156047
    ],
    "train_acc": [
      42.844,
      57.814,
      64.63,
      68.98,
      72.124,
      74.282,
      76.304,
      78.248,
      79.896,
      81.296
    ],
    "test_loss": [
      1.27333587617539,
      1.1065811712901814,
      0.9820001673774598,
      0.8855559855413894,
      0.8510736928770717,
      0.8329495417233854,
      0.8182519090632661,
      0.8009273516484343,
      0.8126841764480542,
      0.8244098531552397
    ],
    "test_acc": [
      54.16,
      60.59,
      65.82,
      69.09,
      70.64,
      71.36,
      72.15,
      72.75,
      72.58,
      72.87
    ]
  }
}