{
  "config": {
    "run_name": "exp1_1_K32_L4",
    "out_dir": "./results",
    "seed": 42,
    "bs_train": 128,
    "bs_test": 32,
    "batches": 100,
    "epochs": 10,
    "early_stopping": 3,
    "checkpoints": null,
    "lr": 0.001,
    "reg": 0.001,
    "filters_per_layer": [
      32
    ],
    "layers_per_block": 4,
    "pool_every": 2,
    "hidden_dims": [
      100
    ],
    "ycn": false,
    "kw": {}
  },
  "results": {
    "num_epochs": 10,
    "train_loss": [
      1.7564878857044308,
      1.3861026016952436,
      1.2033993700886016,
      1.0835238634168034,
      1.0011817209251093,
      0.929662533428358,
      0.8624258667916593,
      0.8006830358749155,
      0.7448483152920023,
      0.7039070333666204
    ],
    "train_acc": [
      35.276,
      49.804,
      57.022,
      61.312,
      64.484,
      67.12,
      69.692,
      71.752,
      73.814,
      75.282
    ],
    "test_loss": [
      1.5060274338189024,
      1.2622174803441324,
      1.1129093690040393,
      1.055397443497143,
      0.9953439885054153,
      0.9496287286472016,
      0.91603079409645,
      0.8734443512397071,
      0.8676684611140729,
      0.8742660345932165
    ],
    "test_acc": [
      45.69,
      54.75,
      60.57,
      62.75,
      64.98,
      66.86,
      68.06,
      69.42,
      69.57,
      69.92
    ]
  }
}