{
  "config": {
    "run_name": "exp1_1_K64_L2",
    "out_dir": "./results",
    "seed": 42,
    "bs_train": 128,
    "bs_test": 32,
    "batches": 100,
    "epochs": 10,
    "early_stopping": 3,
    "checkpoints": null,
    "lr": 0.001,
    "reg": 0.001,
    "filters_per_layer": [
      64
    ],
    "layers_per_block": 2,
    "pool_every": 1,
    "hidden_dims": [
      100
    ],
    "ycn": false,
    "kw": {}
  },
  "results": {
    "num_epochs": 10,
    "train_loss": [
      1.5478038800037122,
      1.2256872990857,
      1.084628758680485,
      0.992759940264475,
      0.9292047763114695,
      0.8789437837003137,
      0.837835591162562,
      0.7990929630711255,
      0.7616539896296723,
      0.7338373732688787
    ],
    "train_acc": [
      44.2,
      56.624,
      62.016,
      65.106,
      67.46,
      69.256,
      70.892,
      72.074,
      73.57,
      74.41
    ],
    "test_loss": [
      1.330717027758638,
      1.141718315049863,
      1.0436875064152118,
      0.9786118009981637,
      0.942618612283335,
      0.9031329095934908,
      0.883426759094476,
      0.874276313918848,
      0.866522198287062,
      0.8710982319645988
    ],
    "test_acc": [
      53.05,
      60.06,
      63.88,
      66.0,
      67.43,
      68.7,
      69.56,
      70.11,
      70.3,
      70.31
    ]
  }
}