{
  "config": {
    "run_name": "exp2_L3_K64-128-256-512",
    "out_dir": "./results",
    "seed": 42,
    "bs_train": 128,
    "bs_test": 32,
    "batches": 10000,
    "epochs": 10,
    "early_stopping": 3,
    "checkpoints": null,
    "lr": 0.001,
    "reg": 0.001,
    "filters_per_layer": [
      64,
      128,
      256,
      512
    ],
    "layers_per_block": 3,
    "pool_every": 4,
    "hidden_dims": [
      100
    ],
    "ycn": true,
    "kw": {}
  },
  "results": {
    "num_epochs": 10,
    "train_loss": [
      1.4639903630137139,
      1.0410107990055133,
      0.8788519727299585,
      0.7842028607492861,
      0.7143027434873459,
      0.6608125222156115,
      0.6222327422455448,
      0.5842079620074738,
      0.5484458069362299,
      0.5235152013618928
    ],
    "train_acc": [
      47.084,
      63.118,
      69.272,
      73.066,
      75.682,
      77.412,
      78.82,
      80.284,
      81.456,
      82.444
    ],
    "test_loss": [
      1.3004079931460248,
      0.9959249983961209,
      0.8036121921227001,
      0.9257486287397317,
      0.7888476748626453,
      0.7937291784884449,
      0.6942636407792758,
      0.6424393903333158,
      0.6245356821023618,
      0.6443287783061353
    ],
    "test_acc": [
      52.92,
      64.93,
      72.55,
      69.76,
      73.47,
      73.4,
      76.2,
      77.89,
      79.21,
      78.57
    ]
  }
}