{
  "config": {
    "run_name": "exp2_L1_K64-128-256-512",
    "out_dir": "./results",
    "seed": 42,
    "bs_train": 128,
    "bs_test": 32,
    "batches": 10000,
    "epochs": 10,
    "early_stopping": 3,
    "checkpoints": null,
    "lr": 0.001,
    "reg": 0.001,
    "filters_per_layer": [
      64,
      128,
      256,
      512
    ],
    "layers_per_block": 1,
    "pool_every": 2,
    "hidden_dims": [
      100
    ],
    "ycn": true,
    "kw": {}
  },
  "results": {
    "num_epochs": 10,
    "train_loss": [
      1.3377485958206685,
      0.9525307660822369,
      0.8474148530179583,
      0.7792308742128065,
      0.7282531753830288,
      0.6835526836955029,
      0.6468491605328172,
      0.6101717175272725,
      0.5838850846375956,
      0.5577630601880496
    ],
    "train_acc": [
      53.394,
      66.584,
      70.224,
      72.792,
      74.628,
      76.376,
      77.582,
      78.79,
      79.746,
      80.826
    ],
    "test_loss": [
      0.9302055133036531,
      0.8352368239777538,
      0.7611116187069744,
      0.7074983824556247,
      0.6611580484020062,
      0.6301225446664487,
      0.6551562459133684,
      0.6203615695904618,
      0.5551444629605967,
      0.5609847726151586
    ],
    "test_acc": [
      67.69,
      71.43,
      73.51,
      75.82,
      76.93,
      78.16,
      77.58,
      78.83,
      80.93,
      80.84
    ]
  }
}