{
  "config": {
    "run_name": "exp1_1_K32_L2",
    "out_dir": "./results",
    "seed": 42,
    "bs_train": 128,
    "bs_test": 32,
    "batches": 100,
    "epochs": 10,
    "early_stopping": 3,
    "checkpoints": null,
    "lr": 0.001,
    "reg": 0.001,
    "filters_per_layer": [
      32
    ],
    "layers_per_block": 2,
    "pool_every": 1,
    "hidden_dims": [
      100
    ],
    "ycn": false,
    "kw": {}
  },
  "results": {
    "num_epochs": 10,
    "train_loss": [
      1.6384335728862403,
      1.324992011575138,
      1.1979345648794832,
      1.1032525325370262,
      1.0304458534626095,
      0.9737642061374986,
      0.9287036902764264,
      0.8946154248683958,
      0.8638204628854151,
      0.835496616028154
    ],
    "train_acc": [
      40.864,
      52.752,
      57.684,
      61.322,
      63.93,
      65.948,
      67.698,
      69.046,
      69.996,
      71.098
    ],
    "test_loss": [
      1.4265418563026209,
      1.2629473316022002,
      1.1392668413278013,
      1.0558257769471922,
      1.0060607853788919,
      0.9737635068238353,
      0.9468524278924108,
      0.9314751503185723,
      0.918989571329123,
      0.908347172954212
    ],
    "test_acc": [
      48.8,
      55.25,
      60.23,
      63.42,
      65.37,
      66.38,
      67.6,
      68.06,
      68.31,
      68.9
    ]
  }
}