{
  "config": {
    "run_name": "exp1_3_L4_K64-128-256",
    "out_dir": "./results",
    "seed": 42,
    "bs_train": 128,
    "bs_test": 32,
    "batches": 100,
    "epochs": 10,
    "early_stopping": 3,
    "checkpoints": null,
    "lr": 0.001,
    "reg": 0.001,
    "filters_per_layer": [
      64,
      128,
      256
    ],
    "pool_every": 4,
    "hidden_dims": [
      100
    ],
    "ycn": false,
    "kw": {},
    "layers_per_block": 4
  },
  "results": {
    "num_epochs": 10,
    "train_loss": [
      2.303452672958374,
      2.3028148722648623,
      2.302565712928772,
      2.302508351802826,
      2.3024867820739745,
      2.302474184036255,
      2.3024643635749817,
      2.30245747089386,
      2.3024513220787046,
      2.3024451303482056
    ],
    "train_acc": [
      10.1640625,
      10.3515625,
      10.3515625,
      10.3515625,
      10.3515625,
      10.3515625,
      10.3515625,
      10.3515625,
      10.3515625,
      10.3515625
    ],
    "test_loss": [
      2.303034543991089,
      2.3027393293380736,
      2.3026158881187437,
      2.302589628696442,
      2.3025794649124145,
      2.302571737766266,
      2.3025666952133177,
      2.3025633692741394,
      2.3025597667694093,
      2.302556746006012
    ],
    "test_acc": [
      10.125,
      10.125,
      10.125,
      10.125,
      10.125,
      10.125,
      10.125,
      10.125,
      10.125,
      10.125
    ]
  }
}