{
  "config": {
    "run_name": "exp1_1_K64_L2",
    "out_dir": "./results",
    "seed": 42,
    "bs_train": 128,
    "bs_test": 32,
    "batches": 100,
    "epochs": 10,
    "early_stopping": 3,
    "checkpoints": null,
    "lr": 0.001,
    "reg": 0.001,
    "filters_per_layer": [
      64
    ],
    "pool_every": 1,
    "hidden_dims": [
      100
    ],
    "ycn": false,
    "kw": {},
    "layers_per_block": 2
  },
  "results": {
    "num_epochs": 10,
    "train_loss": [
      1.8610442912578582,
      1.5086842119693755,
      1.3855848050117492,
      1.2937660002708435,
      1.2282977020740509,
      1.181291296482086,
      1.1232336354255676,
      1.064466713666916,
      1.012536707520485,
      0.964390151500702
    ],
    "train_acc": [
      32.171875,
      45.7734375,
      50.2421875,
      53.875,
      56.375,
      58.6328125,
      60.578125,
      62.7421875,
      64.703125,
      66.3359375
    ],
    "test_loss": [
      1.6345179891586303,
      1.4716952800750733,
      1.370790183544159,
      1.2945726758241654,
      1.2452804750204087,
      1.2284136629104614,
      1.1998137772083282,
      1.1742540431022643,
      1.1484520208835602,
      1.123306349515915
    ],
    "test_acc": [
      41.8125,
      47.15625,
      51.0625,
      53.3125,
      55.4375,
      56.0625,
      57.3125,
      57.84375,
      59.4375,
      60.90625
    ]
  }
}