{
  "config": {
    "run_name": "exp1_1_K32_L4",
    "out_dir": "./results",
    "seed": 42,
    "bs_train": 128,
    "bs_test": 32,
    "batches": 100,
    "epochs": 10,
    "early_stopping": 3,
    "checkpoints": null,
    "lr": 0.001,
    "reg": 0.001,
    "filters_per_layer": [
      32
    ],
    "pool_every": 2,
    "hidden_dims": [
      100
    ],
    "ycn": false,
    "kw": {},
    "layers_per_block": 4
  },
  "results": {
    "num_epochs": 10,
    "train_loss": [
      2.0827571213245393,
      1.7921628391742705,
      1.6044752287864685,
      1.5015669310092925,
      1.4210087990760802,
      1.338235158920288,
      1.266372641324997,
      1.2105399018526077,
      1.1733157807588577,
      1.1255318826436997
    ],
    "train_acc": [
      22.3359375,
      34.5,
      41.3125,
      45.1484375,
      48.0234375,
      51.4765625,
      53.75,
      56.1953125,
      57.890625,
      59.921875
    ],
    "test_loss": [
      1.9209894990921021,
      1.6820986568927765,
      1.5509266686439513,
      1.519188896417618,
      1.4463585901260376,
      1.3522309851646424,
      1.3095874685049056,
      1.2666986364126205,
      1.2660290294885634,
      1.2211632764339446
    ],
    "test_acc": [
      30.28125,
      38.65625,
      44.25,
      46.5,
      48.625,
      52.3125,
      53.78125,
      55.03125,
      54.75,
      56.46875
    ]
  }
}