{
  "config": {
    "run_name": "exp1_3_L2_K64-128-256",
    "out_dir": "./results",
    "seed": 42,
    "bs_train": 128,
    "bs_test": 32,
    "batches": 100,
    "epochs": 10,
    "early_stopping": 3,
    "checkpoints": null,
    "lr": 0.001,
    "reg": 0.001,
    "filters_per_layer": [
      64,
      128,
      256
    ],
    "layers_per_block": 2,
    "pool_every": 2,
    "hidden_dims": [
      100
    ],
    "ycn": false,
    "kw": {}
  },
  "results": {
    "num_epochs": 10,
    "train_loss": [
      1.7639293502968596,
      1.2876868828788133,
      1.0753359860166565,
      0.929850810171698,
      0.8273606332366729,
      0.7426217644263411,
      0.6795645584840604,
      0.6122380238969612,
      0.5571809230405657,
      0.5217775748208966
    ],
    "train_acc": [
      34.382,
      53.59,
      61.948,
      67.038,
      70.822,
      74.058,
      76.262,
      78.782,
      80.7,
      82.0
    ],
    "test_loss": [
      1.5235097686322734,
      1.1775537237953455,
      1.0204664308803912,
      0.9157814131186793,
      0.8245103497284288,
      0.7974299540915809,
      0.7644201999369521,
      0.7372737653529682,
      0.7243857581775409,
      0.7364786772872693
    ],
    "test_acc": [
      45.13,
      57.17,
      64.55,
      68.17,
      71.34,
      72.62,
      74.24,
      75.14,
      75.58,
      75.52
    ]
  }
}