{
  "config": {
    "run_name": "exp1_2_K128_L2",
    "out_dir": "./results",
    "seed": 42,
    "bs_train": 128,
    "bs_test": 32,
    "batches": 100,
    "epochs": 10,
    "early_stopping": 3,
    "checkpoints": null,
    "lr": 0.001,
    "reg": 0.001,
    "filters_per_layer": [
      128
    ],
    "pool_every": 1,
    "hidden_dims": [
      100
    ],
    "ycn": false,
    "kw": {},
    "layers_per_block": 2
  },
  "results": {
    "num_epochs": 10,
    "train_loss": [
      1.8836817836761475,
      1.5060948014259339,
      1.3656496047973632,
      1.2739779603481294,
      1.2180122029781342,
      1.1563335037231446,
      1.098382688164711,
      1.0484285753965379,
      1.007359967827797,
      0.9669120448827744
    ],
    "train_acc": [
      31.203125,
      45.9140625,
      51.3515625,
      54.9765625,
      57.171875,
      59.7734375,
      61.625,
      63.25,
      64.890625,
      66.3203125
    ],
    "test_loss": [
      1.6040186262130738,
      1.4379096484184266,
      1.3399113816022874,
      1.2897860538959502,
      1.2698441970348358,
      1.2207536965608596,
      1.1807802510261536,
      1.1682476145029068,
      1.1847124803066253,
      1.1724650168418884
    ],
    "test_acc": [
      42.59375,
      48.9375,
      52.375,
      54.65625,
      54.53125,
      56.59375,
      57.53125,
      57.78125,
      58.0,
      58.25
    ]
  }
}