{
  "config": {
    "run_name": "exp1_2_K128_L8",
    "out_dir": "./results",
    "seed": 42,
    "bs_train": 128,
    "bs_test": 32,
    "batches": 100,
    "epochs": 10,
    "early_stopping": 3,
    "checkpoints": null,
    "lr": 0.001,
    "reg": 0.001,
    "filters_per_layer": [
      128
    ],
    "layers_per_block": 8,
    "pool_every": 4,
    "hidden_dims": [
      100
    ],
    "ycn": false,
    "kw": {}
  },
  "results": {
    "num_epochs": 9,
    "train_loss": [
      2.3031107537886677,
      2.302774053705318,
      2.302749782572012,
      2.302739574476276,
      2.3027125301263522,
      2.3027095861752014,
      2.3027100941104353,
      2.3026978506151674,
      2.3026974506085485
    ],
    "train_acc": [
      9.764,
      9.752,
      9.796,
      9.826,
      9.812,
      9.748,
      9.578,
      9.664,
      9.682
    ],
    "test_loss": [
      2.3026115437285206,
      2.302616582510951,
      2.302608457997965,
      2.302602486107677,
      2.3025988740281176,
      2.3025983164485653,
      2.3025986759807355,
      2.3025999762379703,
      2.3026003647155275
    ],
    "test_acc": [
      10.0,
      10.0,
      10.0,
      10.0,
      10.0,
      10.0,
      10.0,
      10.0,
      10.0
    ]
  }
}