{
  "config": {
    "run_name": "exp1_2_K128_L2",
    "out_dir": "./results",
    "seed": 42,
    "bs_train": 128,
    "bs_test": 32,
    "batches": 100,
    "epochs": 10,
    "early_stopping": 3,
    "checkpoints": null,
    "lr": 0.001,
    "reg": 0.001,
    "filters_per_layer": [
      128
    ],
    "layers_per_block": 2,
    "pool_every": 1,
    "hidden_dims": [
      100
    ],
    "ycn": false,
    "kw": {}
  },
  "results": {
    "num_epochs": 10,
    "train_loss": [
      1.5361780483094627,
      1.2048513351194083,
      1.0745669583530377,
      0.9842980482694134,
      0.9190534824300605,
      0.8667116556935908,
      0.8269491308485456,
      0.7935339305406947,
      0.7582575876999389,
      0.7359308597376889
    ],
    "train_acc": [
      44.796,
      57.516,
      62.258,
      65.49,
      67.97,
      69.684,
      71.216,
      72.46,
      73.72,
      74.426
    ],
    "test_loss": [
      1.2876602079921637,
      1.1335060598370366,
      1.0367595762871324,
      0.9828590162265034,
      0.9382833484262704,
      0.9016955365388157,
      0.879903780385709,
      0.8735004380678597,
      0.8613100688868818,
      0.8676568433499565
    ],
    "test_acc": [
      54.44,
      60.13,
      63.83,
      65.94,
      67.42,
      68.52,
      69.25,
      69.58,
      70.22,
      70.14
    ]
  }
}