{
  "config": {
    "run_name": "exp1_1_K64_L8",
    "out_dir": "./results",
    "seed": 42,
    "bs_train": 128,
    "bs_test": 32,
    "batches": 100,
    "epochs": 10,
    "early_stopping": 3,
    "checkpoints": null,
    "lr": 0.001,
    "reg": 0.001,
    "filters_per_layer": [
      64
    ],
    "layers_per_block": 8,
    "pool_every": 4,
    "hidden_dims": [
      100
    ],
    "ycn": false,
    "kw": {}
  },
  "results": {
    "num_epochs": 10,
    "train_loss": [
      2.3032926878965725,
      2.3028538507573746,
      2.302780318443123,
      2.3027458514094046,
      2.3027367049166005,
      2.3027264712106845,
      2.302715343587539,
      2.302708069076928,
      2.30270838066745,
      2.3027005976118393
    ],
    "train_acc": [
      9.634,
      9.756,
      9.696,
      9.69,
      9.672,
      9.69,
      9.8,
      9.778,
      9.694,
      9.652
    ],
    "test_loss": [
      2.3028346273464897,
      2.3027163679226517,
      2.3026542092283693,
      2.3026330189202158,
      2.302621226722059,
      2.302614778756334,
      2.3026098275717835,
      2.3026095381179177,
      2.3026034892938387,
      2.302601922434359
    ],
    "test_acc": [
      10.0,
      10.0,
      10.0,
      10.0,
      10.0,
      10.0,
      10.0,
      10.0,
      10.0,
      10.0
    ]
  }
}