{
  "config": {
    "run_name": "exp1_1_K32_L8",
    "out_dir": "./results",
    "seed": 42,
    "bs_train": 128,
    "bs_test": 32,
    "batches": 100,
    "epochs": 10,
    "early_stopping": 3,
    "checkpoints": null,
    "lr": 0.001,
    "reg": 0.001,
    "filters_per_layer": [
      32
    ],
    "layers_per_block": 8,
    "pool_every": 4,
    "hidden_dims": [
      100
    ],
    "ycn": false,
    "kw": {}
  },
  "results": {
    "num_epochs": 10,
    "train_loss": [
      2.303174540209953,
      2.3028083798830465,
      2.302742255008434,
      2.3027235516501814,
      2.302716133844517,
      2.302710009352935,
      2.3027041805979542,
      2.3027045415795366,
      2.3026985164798432,
      2.3027020915389977
    ],
    "train_acc": [
      10.174,
      10.034,
      9.92,
      9.804,
      9.71,
      9.782,
      9.728,
      9.724,
      9.698,
      9.602
    ],
    "test_loss": [
      2.302710451637975,
      2.3026336960899183,
      2.30261854013315,
      2.3026078250080633,
      2.302604464296335,
      2.3026029195267554,
      2.3026013557141582,
      2.3026012079403424,
      2.3026007234859773,
      2.302600391375752
    ],
    "test_acc": [
      10.0,
      10.0,
      10.0,
      10.0,
      10.0,
      10.0,
      10.0,
      10.0,
      10.0,
      10.0
    ]
  }
}