{
  "config": {
    "run_name": "exp1_2_K258_L4",
    "out_dir": "./results",
    "seed": 42,
    "bs_train": 128,
    "bs_test": 32,
    "batches": 100,
    "epochs": 10,
    "early_stopping": 3,
    "checkpoints": null,
    "lr": 0.001,
    "reg": 0.001,
    "filters_per_layer": [
      258
    ],
    "pool_every": 2,
    "hidden_dims": [
      100
    ],
    "ycn": false,
    "kw": {},
    "layers_per_block": 4
  },
  "results": {
    "num_epochs": 10,
    "train_loss": [
      1.9921334660053254,
      1.6227665555477142,
      1.435767034292221,
      1.2827950489521027,
      1.1637022572755813,
      1.058089836835861,
      0.9565930342674256,
      0.8619388771057129,
      0.7615564000606537,
      0.6985982319712639
    ],
    "train_acc": [
      26.59375,
      40.4453125,
      47.84375,
      54.0703125,
      58.6328125,
      62.6640625,
      66.265625,
      69.859375,
      73.5703125,
      75.3984375
    ],
    "test_loss": [
      1.7500011897087098,
      1.5608226191997527,
      1.4039718413352966,
      1.2945255452394486,
      1.2042910259962083,
      1.1963246744871139,
      1.2236566239595412,
      1.1977469700574874,
      1.275802074074745,
      1.2729257977008819
    ],
    "test_acc": [
      37.1875,
      44.40625,
      50.65625,
      54.84375,
      57.53125,
      57.5625,
      57.21875,
      59.15625,
      58.40625,
      58.96875
    ]
  }
}