{
  "config": {
    "run_name": "exp1_1_K64_L4",
    "out_dir": "./results",
    "seed": 42,
    "bs_train": 128,
    "bs_test": 32,
    "batches": 100,
    "epochs": 10,
    "early_stopping": 3,
    "checkpoints": null,
    "lr": 0.001,
    "reg": 0.001,
    "filters_per_layer": [
      64
    ],
    "pool_every": 2,
    "hidden_dims": [
      100
    ],
    "ycn": false,
    "kw": {},
    "layers_per_block": 4
  },
  "results": {
    "num_epochs": 10,
    "train_loss": [
      1.9685866630077362,
      1.590455414056778,
      1.445060955286026,
      1.3295628917217255,
      1.2270053601264954,
      1.1357350152730943,
      1.0636726385354995,
      1.0089694958925248,
      0.941158966422081,
      0.8382690173387527
    ],
    "train_acc": [
      26.8671875,
      41.9140625,
      47.5078125,
      51.8359375,
      55.453125,
      59.234375,
      61.9140625,
      63.890625,
      66.3359375,
      70.1640625
    ],
    "test_loss": [
      1.6935415494441985,
      1.5487290608882904,
      1.4329366874694824,
      1.3495326215028762,
      1.2915478444099426,
      1.2532301294803618,
      1.224058711528778,
      1.2317375028133393,
      1.2258996713161467,
      1.2150621044635772
    ],
    "test_acc": [
      38.34375,
      45.53125,
      49.28125,
      52.53125,
      53.78125,
      55.75,
      56.65625,
      57.34375,
      58.1875,
      59.3125
    ]
  }
}