{
  "config": {
    "run_name": "exp1_3_L3_K64-128-256",
    "out_dir": "./results",
    "seed": 42,
    "bs_train": 128,
    "bs_test": 32,
    "batches": 100,
    "epochs": 10,
    "early_stopping": 3,
    "checkpoints": null,
    "lr": 0.001,
    "reg": 0.001,
    "filters_per_layer": [
      64,
      128,
      256
    ],
    "layers_per_block": 3,
    "pool_every": 3,
    "hidden_dims": [
      100
    ],
    "ycn": false,
    "kw": {}
  },
  "results": {
    "num_epochs": 10,
    "train_loss": [
      2.3030933041096953,
      2.302782031886108,
      2.3027368427237587,
      2.3027212778320703,
      2.3027080001733493,
      2.302706137947414,
      2.3027190942593547,
      2.302698990877937,
      2.3026975646348258,
      2.3026975847571096
    ],
    "train_acc": [
      9.79,
      9.816,
      9.662,
      9.66,
      9.752,
      9.694,
      9.628,
      9.66,
      9.726,
      9.628
    ],
    "test_loss": [
      2.302676513933907,
      2.3026259783357856,
      2.3026099364978436,
      2.3026048664848644,
      2.302601846262289,
      2.3026005566691436,
      2.302601012939843,
      2.3025998688353515,
      2.302600322820889,
      2.3026007501462016
    ],
    "test_acc": [
      10.0,
      10.0,
      10.0,
      10.0,
      10.0,
      10.0,
      10.0,
      10.0,
      10.0,
      10.0
    ]
  }
}