{
  "config": {
    "run_name": "exp1_3_L1_K64-128-256",
    "out_dir": "./results",
    "seed": 42,
    "bs_train": 128,
    "bs_test": 32,
    "batches": 100,
    "epochs": 10,
    "early_stopping": 3,
    "checkpoints": null,
    "lr": 0.001,
    "reg": 0.001,
    "filters_per_layer": [
      64,
      128,
      256
    ],
    "layers_per_block": 1,
    "pool_every": 1,
    "hidden_dims": [
      100
    ],
    "ycn": false,
    "kw": {}
  },
  "results": {
    "num_epochs": 10,
    "train_loss": [
      1.5747968769439347,
      1.1775719101166786,
      0.9958413003960533,
      0.882364978723209,
      0.8002092480049718,
      0.735411189477462,
      0.6838718729708201,
      0.634130700698594,
      0.5861309893295893,
      0.5508910406123647
    ],
    "train_acc": [
      42.666,
      57.874,
      64.936,
      69.21,
      72.262,
      74.354,
      76.324,
      78.064,
      79.904,
      81.06
    ],
    "test_loss": [
      1.268850834796223,
      1.108212696668058,
      0.9938102631142345,
      0.899817098063021,
      0.849623045506188,
      0.827736446842218,
      0.8122125594570233,
      0.8064529035038079,
      0.7960756777193599,
      0.8166321102803508
    ],
    "test_acc": [
      53.84,
      60.66,
      65.49,
      68.75,
      70.71,
      71.4,
      72.11,
      72.56,
      73.21,
      72.71
    ]
  }
}