{
  "config": {
    "run_name": "exp1_3_L3_K64-128-256",
    "out_dir": "./results",
    "seed": 42,
    "bs_train": 128,
    "bs_test": 32,
    "batches": 100,
    "epochs": 10,
    "early_stopping": 3,
    "checkpoints": null,
    "lr": 0.001,
    "reg": 0.001,
    "filters_per_layer": [
      64,
      128,
      256
    ],
    "pool_every": 3,
    "hidden_dims": [
      100
    ],
    "ycn": false,
    "kw": {},
    "layers_per_block": 3
  },
  "results": {
    "num_epochs": 10,
    "train_loss": [
      2.303559970855713,
      2.303007309436798,
      2.3026807475090028,
      2.3026242852211,
      2.3025464630126953,
      2.302516875267029,
      2.30248548746109,
      2.3024706554412844,
      2.302460324764252,
      2.302454252243042
    ],
    "train_acc": [
      9.7734375,
      9.5546875,
      9.984375,
      9.734375,
      10.09375,
      10.2265625,
      10.3515625,
      10.3515625,
      10.3515625,
      10.3515625
    ],
    "test_loss": [
      2.3028706669807435,
      2.3025011587142945,
      2.3025687670707704,
      2.302528231143951,
      2.302535514831543,
      2.302513587474823,
      2.302519655227661,
      2.302519121170044,
      2.302521412372589,
      2.302523121833801
    ],
    "test_acc": [
      10.21875,
      9.84375,
      9.84375,
      10.125,
      10.125,
      10.125,
      10.125,
      10.125,
      10.125,
      10.125
    ]
  }
}