{
  "config": {
    "run_name": "exp1_2_K258_L8",
    "out_dir": "./results",
    "seed": 42,
    "bs_train": 128,
    "bs_test": 32,
    "batches": 100,
    "epochs": 10,
    "early_stopping": 3,
    "checkpoints": null,
    "lr": 0.001,
    "reg": 0.001,
    "filters_per_layer": [
      258
    ],
    "layers_per_block": 8,
    "pool_every": 4,
    "hidden_dims": [
      100
    ],
    "ycn": false,
    "kw": {}
  },
  "results": {
    "num_epochs": 10,
    "train_loss": [
      2.303181793988513,
      2.3027736158931957,
      2.302753858858972,
      2.3027442099188296,
      2.3027487429206634,
      2.302719212553995,
      2.302762960838845,
      2.3027087617713167,
      2.302723824215667,
      2.3027290535704865
    ],
    "train_acc": [
      9.768,
      9.812,
      9.738,
      9.734,
      9.588,
      9.602,
      9.808,
      9.66,
      9.662,
      9.732
    ],
    "test_loss": [
      2.302706619421133,
      2.30263222901585,
      2.302629176801005,
      2.3026204185363963,
      2.3026154696370087,
      2.302607954500582,
      2.302607428913299,
      2.3026031693711446,
      2.302605339513419,
      2.3026026544479516
    ],
    "test_acc": [
      10.0,
      10.0,
      10.0,
      10.0,
      10.0,
      10.0,
      10.0,
      10.0,
      10.0,
      10.0
    ]
  }
}