{
  "config": {
    "run_name": "exp1_2_K32_L8",
    "out_dir": "./results",
    "seed": 42,
    "bs_train": 128,
    "bs_test": 32,
    "batches": 100,
    "epochs": 10,
    "early_stopping": 3,
    "checkpoints": null,
    "lr": 0.001,
    "reg": 0.001,
    "filters_per_layer": [
      32
    ],
    "pool_every": 4,
    "hidden_dims": [
      100
    ],
    "ycn": false,
    "kw": {},
    "layers_per_block": 8
  },
  "results": {
    "num_epochs": 10,
    "train_loss": [
      2.3034680390357973,
      2.3028262090682983,
      2.302720766067505,
      2.3026745176315306,
      2.302571003437042,
      2.302535490989685,
      2.3025040650367736,
      2.302480800151825,
      2.3024634671211244,
      2.3024507856369016
    ],
    "train_acc": [
      10.1328125,
      10.1484375,
      9.984375,
      9.984375,
      9.921875,
      10.1015625,
      10.1484375,
      10.0859375,
      9.96875,
      10.0625
    ],
    "test_loss": [
      2.3027650547027587,
      2.302639319896698,
      2.30257709980011,
      2.302544584274292,
      2.3025399088859557,
      2.3025231552124024,
      2.3025189304351805,
      2.3025177216529844,
      2.3025187277793884,
      2.30251983165741
    ],
    "test_acc": [
      9.96875,
      9.96875,
      9.96875,
      10.46875,
      10.125,
      10.125,
      10.125,
      10.125,
      10.125,
      10.125
    ]
  }
}