{
  "config": {
    "run_name": "exp1_2_K258_L2",
    "out_dir": "./results",
    "seed": 42,
    "bs_train": 128,
    "bs_test": 32,
    "batches": 100,
    "epochs": 10,
    "early_stopping": 3,
    "checkpoints": null,
    "lr": 0.001,
    "reg": 0.001,
    "filters_per_layer": [
      258
    ],
    "pool_every": 1,
    "hidden_dims": [
      100
    ],
    "ycn": false,
    "kw": {},
    "layers_per_block": 2
  },
  "results": {
    "num_epochs": 10,
    "train_loss": [
      1.9074701821804048,
      1.4772237074375152,
      1.3339230930805206,
      1.244999371767044,
      1.1825265520811081,
      1.1267236298322678,
      1.087958615422249,
      1.0389866560697556,
      0.9975313311815261,
      0.9622487300634384
    ],
    "train_acc": [
      30.7578125,
      47.3828125,
      52.5625,
      55.9453125,
      58.109375,
      60.25,
      61.765625,
      63.15625,
      65.0546875,
      66.359375
    ],
    "test_loss": [
      1.654559121131897,
      1.4581819093227386,
      1.3522409790754317,
      1.3072308444976806,
      1.2616929656267166,
      1.2249250298738479,
      1.1893058621883392,
      1.1710931992530822,
      1.1469729393720627,
      1.1641815245151519
    ],
    "test_acc": [
      40.375,
      48.4375,
      52.09375,
      54.21875,
      55.3125,
      56.53125,
      58.1875,
      59.09375,
      60.375,
      59.0
    ]
  }
}