{
  "config": {
    "run_name": "exp1_2_K258_L8",
    "out_dir": "./results",
    "seed": 42,
    "bs_train": 128,
    "bs_test": 32,
    "batches": 100,
    "epochs": 10,
    "early_stopping": 3,
    "checkpoints": null,
    "lr": 0.001,
    "reg": 0.001,
    "filters_per_layer": [
      258
    ],
    "pool_every": 4,
    "hidden_dims": [
      100
    ],
    "ycn": false,
    "kw": {},
    "layers_per_block": 8
  },
  "results": {
    "num_epochs": 10,
    "train_loss": [
      2.303707950115204,
      2.302894425392151,
      2.3027177906036376,
      2.3026573133468626,
      2.3025781321525574,
      2.3025466537475587,
      2.3025212121009826,
      2.3025022077560426,
      2.3024910521507262,
      2.3024766492843627
    ],
    "train_acc": [
      9.921875,
      10.328125,
      10.21875,
      10.296875,
      10.3515625,
      10.3515625,
      10.3515625,
      10.3515625,
      10.3515625,
      10.3515625
    ],
    "test_loss": [
      2.3029259419441224,
      2.3026442313194275,
      2.3025641870498657,
      2.3025946617126465,
      2.3025670981407167,
      2.3025631976127623,
      2.302556927204132,
      2.302548053264618,
      2.3025436091423033,
      2.3025405836105346
    ],
    "test_acc": [
      10.125,
      10.125,
      10.125,
      10.125,
      10.125,
      10.125,
      10.125,
      10.125,
      10.125,
      10.125
    ]
  }
}