{
  "config": {
    "run_name": "exp1_3_L2_K64-128-256",
    "out_dir": "./results",
    "seed": 42,
    "bs_train": 128,
    "bs_test": 32,
    "batches": 100,
    "epochs": 10,
    "early_stopping": 3,
    "checkpoints": null,
    "lr": 0.001,
    "reg": 0.001,
    "filters_per_layer": [
      64,
      128,
      256
    ],
    "pool_every": 2,
    "hidden_dims": [
      100
    ],
    "ycn": false,
    "kw": {},
    "layers_per_block": 2
  },
  "results": {
    "num_epochs": 10,
    "train_loss": [
      2.1131044912338255,
      1.8229774451255798,
      1.6576623034477234,
      1.5066887509822846,
      1.3850917863845824,
      1.2971109676361083,
      1.2147438710927962,
      1.1565690237283706,
      1.09146200299263,
      1.0208137279748917
    ],
    "train_acc": [
      20.5625,
      32.2578125,
      38.3359375,
      44.5859375,
      49.5625,
      52.75,
      55.8984375,
      58.421875,
      60.6640625,
      63.7734375
    ],
    "test_loss": [
      1.902758491039276,
      1.8543918430805206,
      1.5907417905330659,
      1.491128885746002,
      1.430657964348793,
      1.286536785364151,
      1.2972184026241302,
      1.2393392896652222,
      1.1525574320554732,
      1.1242467987537383
    ],
    "test_acc": [
      29.1875,
      30.71875,
      42.40625,
      47.0625,
      49.4375,
      53.65625,
      53.8125,
      56.90625,
      58.75,
      59.90625
    ]
  }
}