{
  "config": {
    "run_name": "exp1_2_K64_L8",
    "out_dir": "./results",
    "seed": 42,
    "bs_train": 128,
    "bs_test": 32,
    "batches": 100,
    "epochs": 10,
    "early_stopping": 3,
    "checkpoints": null,
    "lr": 0.001,
    "reg": 0.001,
    "filters_per_layer": [
      64
    ],
    "layers_per_block": 8,
    "pool_every": 4,
    "hidden_dims": [
      100
    ],
    "ycn": false,
    "kw": {}
  },
  "results": {
    "num_epochs": 10,
    "train_loss": [
      2.3033038472275598,
      2.3028632466445496,
      2.302769536557405,
      2.3027437464965272,
      2.3027357305102334,
      2.3027224589491744,
      2.3027144978418375,
      2.3027116154770715,
      2.3027045988975585,
      2.3027008909093754
    ],
    "train_acc": [
      9.676,
      9.766,
      9.806,
      9.618,
      9.558,
      9.72,
      9.776,
      9.702,
      9.706,
      9.676
    ],
    "test_loss": [
      2.3028370153408844,
      2.3026995346569024,
      2.302650888887838,
      2.3026308312583654,
      2.302623040379046,
      2.3026146698302736,
      2.3026094543286404,
      2.3026071310805056,
      2.302603563180747,
      2.3026015324333606
    ],
    "test_acc": [
      10.0,
      10.0,
      10.0,
      10.0,
      10.0,
      10.0,
      10.0,
      10.0,
      10.0,
      10.0
    ]
  }
}