{
  "config": {
    "run_name": "exp1_1_K64_L4",
    "out_dir": "./results",
    "seed": 42,
    "bs_train": 128,
    "bs_test": 32,
    "batches": 100,
    "epochs": 10,
    "early_stopping": 3,
    "checkpoints": null,
    "lr": 0.001,
    "reg": 0.001,
    "filters_per_layer": [
      64
    ],
    "layers_per_block": 4,
    "pool_every": 2,
    "hidden_dims": [
      100
    ],
    "ycn": false,
    "kw": {}
  },
  "results": {
    "num_epochs": 10,
    "train_loss": [
      1.6073506390652084,
      1.1831844846915711,
      1.0024954885473032,
      0.8860646405488329,
      0.8005795379733796,
      0.7336562805620911,
      0.6735977977895371,
      0.6222324410972693,
      0.5729140673604463,
      0.5259611588304914
    ],
    "train_acc": [
      41.52,
      57.794,
      64.674,
      68.926,
      71.928,
      74.364,
      76.44,
      78.206,
      80.098,
      81.54
    ],
    "test_loss": [
      1.2988636453692524,
      1.0655872273368958,
      0.9705273225284613,
      0.9388036716479463,
      0.8842985667169284,
      0.8800775987652544,
      0.854506924510383,
      0.863863359244106,
      0.8812889581480727,
      0.8762862392888663
    ],
    "test_acc": [
      53.16,
      61.92,
      65.7,
      67.2,
      69.31,
      69.77,
      71.07,
      71.54,
      71.51,
      72.04
    ]
  }
}