{
  "config": {
    "run_name": "exp1_1_K64_L8",
    "out_dir": "./results",
    "seed": 42,
    "bs_train": 128,
    "bs_test": 32,
    "batches": 100,
    "epochs": 10,
    "early_stopping": 3,
    "checkpoints": null,
    "lr": 0.001,
    "reg": 0.001,
    "filters_per_layer": [
      64
    ],
    "pool_every": 4,
    "hidden_dims": [
      100
    ],
    "ycn": false,
    "kw": {},
    "layers_per_block": 8
  },
  "results": {
    "num_epochs": 10,
    "train_loss": [
      2.304115560054779,
      2.303021671772003,
      2.302806911468506,
      2.302724845409393,
      2.302718200683594,
      2.302619936466217,
      2.3025893354415894,
      2.3025657320022583,
      2.302548038959503,
      2.3025325465202333
    ],
    "train_acc": [
      9.40625,
      10.0078125,
      9.875,
      9.8359375,
      9.71875,
      9.859375,
      9.9375,
      9.9609375,
      9.8984375,
      9.9296875
    ],
    "test_loss": [
      2.302971465587616,
      2.30263619184494,
      2.3025953698158266,
      2.3025775837898252,
      2.302540056705475,
      2.3025530552864075,
      2.302544274330139,
      2.302540762424469,
      2.30253737449646,
      2.3025336837768555
    ],
    "test_acc": [
      9.84375,
      9.84375,
      9.84375,
      9.84375,
      9.84375,
      9.84375,
      9.84375,
      9.84375,
      9.84375,
      9.84375
    ]
  }
}