{
  "config": {
    "run_name": "exp1_2_K32_L2",
    "out_dir": "./results",
    "seed": 42,
    "bs_train": 128,
    "bs_test": 32,
    "batches": 100,
    "epochs": 10,
    "early_stopping": 3,
    "checkpoints": null,
    "lr": 0.001,
    "reg": 0.001,
    "filters_per_layer": [
      32
    ],
    "layers_per_block": 2,
    "pool_every": 1,
    "hidden_dims": [
      100
    ],
    "ycn": false,
    "kw": {}
  },
  "results": {
    "num_epochs": 10,
    "train_loss": [
      1.6392053399244537,
      1.3245917406228498,
      1.19333930591793,
      1.0971227426967962,
      1.0246787536174744,
      0.9686234849493217,
      0.9273234643899572,
      0.891360817053129,
      0.8612340220709895,
      0.8336863821119909
    ],
    "train_acc": [
      40.82,
      52.782,
      57.838,
      61.454,
      64.262,
      66.208,
      67.636,
      68.918,
      70.078,
      71.2
    ],
    "test_loss": [
      1.4261940272090534,
      1.258706714398564,
      1.13851932538584,
      1.0530179729476905,
      1.0014522976387803,
      0.9712176915174856,
      0.9535756501526879,
      0.9426893013925217,
      0.9311749316252078,
      0.9208344365842045
    ],
    "test_acc": [
      49.04,
      55.45,
      60.2,
      63.25,
      65.34,
      66.73,
      67.21,
      67.46,
      67.81,
      68.33
    ]
  }
}