{
  "config": {
    "run_name": "exp1_2_K64_L4",
    "out_dir": "./results",
    "seed": 42,
    "bs_train": 128,
    "bs_test": 32,
    "batches": 100,
    "epochs": 10,
    "early_stopping": 3,
    "checkpoints": null,
    "lr": 0.001,
    "reg": 0.001,
    "filters_per_layer": [
      64
    ],
    "layers_per_block": 4,
    "pool_every": 2,
    "hidden_dims": [
      100
    ],
    "ycn": false,
    "kw": {}
  },
  "results": {
    "num_epochs": 10,
    "train_loss": [
      1.603747016938446,
      1.202516057607158,
      1.0267065377796398,
      0.8995810616046876,
      0.8047867321297336,
      0.7428521547476044,
      0.67183484308555,
      0.6196174613959954,
      0.5716730785339385,
      0.5341523984051726
    ],
    "train_acc": [
      41.51,
      57.17,
      63.668,
      68.214,
      71.47,
      73.694,
      76.56,
      78.384,
      80.008,
      81.382
    ],
    "test_loss": [
      1.324607371903075,
      1.0928438642916207,
      0.9880559457757603,
      0.9044089555359496,
      0.8802444387358218,
      0.8645677416088482,
      0.8342530176091117,
      0.825659445204293,
      0.8670038421885274,
      0.9626485411161051
    ],
    "test_acc": [
      52.28,
      61.26,
      65.27,
      68.39,
      69.39,
      70.27,
      71.23,
      71.96,
      71.61,
      70.12
    ]
  }
}