{
  "config": {
    "run_name": "exp1_2_K32_L8",
    "out_dir": "./results",
    "seed": 42,
    "bs_train": 128,
    "bs_test": 32,
    "batches": 100,
    "epochs": 10,
    "early_stopping": 3,
    "checkpoints": null,
    "lr": 0.001,
    "reg": 0.001,
    "filters_per_layer": [
      32
    ],
    "layers_per_block": 8,
    "pool_every": 4,
    "hidden_dims": [
      100
    ],
    "ycn": false,
    "kw": {}
  },
  "results": {
    "num_epochs": 10,
    "train_loss": [
      2.303181490934718,
      2.3028079573150793,
      2.3027408373020495,
      2.3027206979444266,
      2.3027129161083484,
      2.3027080111491407,
      2.3027050251241232,
      2.3027021994676127,
      2.3026999536987462,
      2.3027121630471075
    ],
    "train_acc": [
      10.168,
      9.964,
      9.864,
      9.766,
      9.786,
      9.784,
      9.692,
      9.676,
      9.688,
      9.664
    ],
    "test_loss": [
      2.3027198025212883,
      2.3026349224602454,
      2.3026137207262813,
      2.3026074730931,
      2.3026042593934664,
      2.3026019003444587,
      2.302601265069395,
      2.302597620997566,
      2.30260118356528,
      2.3026027618505704
    ],
    "test_acc": [
      10.0,
      10.0,
      10.0,
      10.0,
      10.0,
      10.0,
      10.0,
      10.0,
      10.0,
      10.0
    ]
  }
}