{
  "config": {
    "run_name": "exp1_2_K64_L8",
    "out_dir": "./results",
    "seed": 42,
    "bs_train": 128,
    "bs_test": 32,
    "batches": 100,
    "epochs": 10,
    "early_stopping": 3,
    "checkpoints": null,
    "lr": 0.001,
    "reg": 0.001,
    "filters_per_layer": [
      64
    ],
    "pool_every": 4,
    "hidden_dims": [
      100
    ],
    "ycn": false,
    "kw": {},
    "layers_per_block": 8
  },
  "results": {
    "num_epochs": 10,
    "train_loss": [
      2.3040540289878844,
      2.3030143189430237,
      2.302818071842194,
      2.3027457666397093,
      2.3026667761802675,
      2.3026248097419737,
      2.302592442035675,
      2.3025682020187377,
      2.302549002170563,
      2.3025326776504516
    ],
    "train_acc": [
      9.484375,
      9.9921875,
      9.84375,
      9.8046875,
      9.9375,
      9.875,
      9.7734375,
      10.015625,
      9.8828125,
      9.7578125
    ],
    "test_loss": [
      2.302994010448456,
      2.3026670145988466,
      2.3025950622558593,
      2.3025718688964845,
      2.3025598669052125,
      2.30254656791687,
      2.302541289329529,
      2.30253751039505,
      2.3025353503227235,
      2.3025349020957946
    ],
    "test_acc": [
      9.84375,
      9.84375,
      9.84375,
      9.84375,
      9.84375,
      9.84375,
      9.84375,
      9.84375,
      9.84375,
      9.84375
    ]
  }
}