{
  "config": {
    "run_name": "exp1_1_K64_L2",
    "out_dir": "./results",
    "seed": 42,
    "bs_train": 128,
    "bs_test": 32,
    "batches": 100,
    "epochs": 10,
    "early_stopping": 3,
    "checkpoints": null,
    "lr": 0.001,
    "reg": 0.001,
    "filters_per_layer": [
      64
    ],
    "layers_per_block": 2,
    "pool_every": 1,
    "hidden_dims": [
      100
    ],
    "ycn": false,
    "kw": {}
  },
  "results": {
    "num_epochs": 10,
    "train_loss": [
      1.546515990401168,
      1.2251387515946117,
      1.0859488767126333,
      0.9933830934107456,
      0.9298965081839305,
      0.8811679926064923,
      0.8366238424540176,
      0.7979651015737782,
      0.7600974317096993,
      0.7331517469852477
    ],
    "train_acc": [
      44.274,
      56.678,
      61.952,
      65.098,
      67.486,
      69.15,
      70.834,
      72.264,
      73.666,
      74.482
    ],
    "test_loss": [
      1.3340496182822572,
      1.143264229305255,
      1.0400867791602406,
      0.974369792702099,
      0.9374316565144938,
      0.9019786473661185,
      0.885796316134663,
      0.875445652312745,
      0.8643140012082963,
      0.865129468254388
    ],
    "test_acc": [
      52.85,
      60.17,
      63.62,
      66.34,
      67.51,
      68.91,
      69.39,
      69.79,
      70.51,
      70.41
    ]
  }
}