{
  "config": {
    "run_name": "exp1_2_K32_L4",
    "out_dir": "./results",
    "seed": 42,
    "bs_train": 128,
    "bs_test": 32,
    "batches": 100,
    "epochs": 10,
    "early_stopping": 3,
    "checkpoints": null,
    "lr": 0.001,
    "reg": 0.001,
    "filters_per_layer": [
      32
    ],
    "layers_per_block": 4,
    "pool_every": 2,
    "hidden_dims": [
      100
    ],
    "ycn": false,
    "kw": {}
  },
  "results": {
    "num_epochs": 10,
    "train_loss": [
      1.7613477777032291,
      1.3795573199191666,
      1.1976788604960722,
      1.0834745327225122,
      1.0025550250507071,
      0.9317219957061436,
      0.8648146982388119,
      0.8055226802825928,
      0.7528139487709231,
      0.7094250086628263
    ],
    "train_acc": [
      35.154,
      50.098,
      57.218,
      61.558,
      64.41,
      66.996,
      69.528,
      71.724,
      73.556,
      75.098
    ],
    "test_loss": [
      1.506110459090041,
      1.2454729763844523,
      1.1230525861913785,
      1.0584819665351235,
      1.0016003586232853,
      0.9524662540362666,
      0.9257884221716811,
      0.8944774200550665,
      0.8716823246341925,
      0.8783908029333852
    ],
    "test_acc": [
      45.45,
      55.38,
      60.23,
      62.27,
      64.41,
      65.86,
      66.95,
      68.24,
      69.33,
      69.25
    ]
  }
}