{
  "config": {
    "run_name": "exp1_2_K32_L2",
    "out_dir": "./results",
    "seed": 42,
    "bs_train": 128,
    "bs_test": 32,
    "batches": 100,
    "epochs": 10,
    "early_stopping": 3,
    "checkpoints": null,
    "lr": 0.001,
    "reg": 0.001,
    "filters_per_layer": [
      32
    ],
    "pool_every": 1,
    "hidden_dims": [
      100
    ],
    "ycn": false,
    "kw": {},
    "layers_per_block": 2
  },
  "results": {
    "num_epochs": 10,
    "train_loss": [
      1.9618168663978577,
      1.6095077323913574,
      1.49549147605896,
      1.417727233171463,
      1.3517863154411316,
      1.295682020187378,
      1.2438465666770935,
      1.1978753888607026,
      1.1581858801841736,
      1.1193639951944352
    ],
    "train_acc": [
      28.203125,
      41.8125,
      46.4453125,
      49.03125,
      51.7578125,
      53.6953125,
      55.7890625,
      57.8671875,
      59.203125,
      60.984375
    ],
    "test_loss": [
      1.7124929010868073,
      1.550745552778244,
      1.4620871031284333,
      1.400983293056488,
      1.3437411057949067,
      1.3086313301324843,
      1.2736029195785523,
      1.2415158820152283,
      1.2184798550605773,
      1.195558100938797
    ],
    "test_acc": [
      39.53125,
      43.6875,
      46.03125,
      48.6875,
      51.28125,
      53.125,
      54.34375,
      55.6875,
      56.65625,
      57.46875
    ]
  }
}