{
  "config": {
    "run_name": "exp1_2_K64_L4",
    "out_dir": "./results",
    "seed": 42,
    "bs_train": 128,
    "bs_test": 32,
    "batches": 100,
    "epochs": 10,
    "early_stopping": 3,
    "checkpoints": null,
    "lr": 0.001,
    "reg": 0.001,
    "filters_per_layer": [
      64
    ],
    "pool_every": 2,
    "hidden_dims": [
      100
    ],
    "ycn": false,
    "kw": {},
    "layers_per_block": 4
  },
  "results": {
    "num_epochs": 10,
    "train_loss": [
      1.9413786983489991,
      1.583267639875412,
      1.4411915922164917,
      1.3280488002300261,
      1.2168348503112794,
      1.118212434053421,
      1.0327090215682984,
      0.9611009871959686,
      0.9324528980255127,
      0.863993793129921
    ],
    "train_acc": [
      27.8984375,
      42.171875,
      47.484375,
      52.015625,
      56.1640625,
      59.8828125,
      63.2890625,
      66.0859375,
      66.3203125,
      69.171875
    ],
    "test_loss": [
      1.691961009502411,
      1.4814246737957,
      1.429613162279129,
      1.3466574460268022,
      1.280116515159607,
      1.2086780172586442,
      1.185729859471321,
      1.1800554352998733,
      1.1828517270088197,
      1.1968085199594498
    ],
    "test_acc": [
      37.59375,
      46.6875,
      50.03125,
      51.96875,
      54.6875,
      56.59375,
      57.59375,
      58.5,
      59.0,
      59.40625
    ]
  }
}