{
  "config": {
    "run_name": "exp1_1_K64_L16",
    "out_dir": "./results",
    "seed": 42,
    "bs_train": 128,
    "bs_test": 32,
    "batches": 100,
    "epochs": 10,
    "early_stopping": 3,
    "checkpoints": null,
    "lr": 0.001,
    "reg": 0.001,
    "filters_per_layer": [
      64
    ],
    "pool_every": 8,
    "hidden_dims": [
      100
    ],
    "ycn": false,
    "kw": {},
    "layers_per_block": 16
  },
  "results": {
    "num_epochs": 10,
    "train_loss": [
      2.3039325952529905,
      2.3030573773384093,
      2.3028214812278747,
      2.3026824522018434,
      2.3026138377189636,
      2.3025751900672913,
      2.3025366377830507,
      2.302513098716736,
      2.3024968695640564,
      2.302482900619507
    ],
    "train_acc": [
      9.484375,
      10.046875,
      10.0,
      10.1484375,
      10.125,
      10.3046875,
      10.3515625,
      10.3515625,
      10.3515625,
      10.3515625
    ],
    "test_loss": [
      2.303112609386444,
      2.3027083897590637,
      2.302606062889099,
      2.302586917877197,
      2.302565996646881,
      2.30255437374115,
      2.3025488805770875,
      2.302544333934784,
      2.3025408482551573,
      2.3025389528274536
    ],
    "test_acc": [
      9.84375,
      9.84375,
      9.84375,
      9.84375,
      9.84375,
      10.125,
      10.125,
      10.125,
      10.125,
      10.125
    ]
  }
}