{
  "config": {
    "run_name": "exp1_2_K128_L4",
    "out_dir": "./results",
    "seed": 42,
    "bs_train": 128,
    "bs_test": 32,
    "batches": 100,
    "epochs": 10,
    "early_stopping": 3,
    "checkpoints": null,
    "lr": 0.001,
    "reg": 0.001,
    "filters_per_layer": [
      128
    ],
    "layers_per_block": 4,
    "pool_every": 2,
    "hidden_dims": [
      100
    ],
    "ycn": false,
    "kw": {}
  },
  "results": {
    "num_epochs": 10,
    "train_loss": [
      1.5830163202627237,
      1.1196435459739411,
      0.9207661511648036,
      0.8094016060499889,
      0.7234231059813439,
      0.6615628903479223,
      0.5984124662473683,
      0.55143035601472,
      0.5049661516838366,
      0.4568286121196454
    ],
    "train_acc": [
      42.092,
      60.086,
      67.442,
      71.578,
      74.632,
      76.96,
      79.01,
      80.69,
      82.256,
      83.908
    ],
    "test_loss": [
      1.2453051479860617,
      1.0335208076638536,
      0.907274747618471,
      0.8289470343163219,
      0.8189633505793806,
      0.7821556324490343,
      0.7676625201782099,
      0.7849096401621358,
      0.8075527846813202,
      0.8477638064386745
    ],
    "test_acc": [
      55.16,
      63.53,
      68.24,
      71.38,
      72.34,
      74.01,
      74.63,
      74.46,
      74.48,
      73.51
    ]
  }
}