{
  "config": {
    "run_name": "exp1_2_K64_L2",
    "out_dir": "./results",
    "seed": 42,
    "bs_train": 128,
    "bs_test": 32,
    "batches": 100,
    "epochs": 10,
    "early_stopping": 3,
    "checkpoints": null,
    "lr": 0.001,
    "reg": 0.001,
    "filters_per_layer": [
      64
    ],
    "layers_per_block": 2,
    "pool_every": 1,
    "hidden_dims": [
      100
    ],
    "ycn": false,
    "kw": {}
  },
  "results": {
    "num_epochs": 10,
    "train_loss": [
      1.548401276778687,
      1.227055353581753,
      1.0878247685749511,
      0.996279820456834,
      0.9359178722971846,
      0.8863669479899394,
      0.843792221277876,
      0.8068008817675169,
      0.7683428150918478,
      0.7373627668146587
    ],
    "train_acc": [
      44.214,
      56.628,
      61.876,
      65.036,
      67.3,
      69.042,
      70.566,
      71.846,
      73.258,
      74.446
    ],
    "test_loss": [
      1.3345941326107842,
      1.1444544074253533,
      1.0474609315585786,
      0.9812532031117156,
      0.9366020531700061,
      0.9037589402244495,
      0.8849574951127696,
      0.8752167693342263,
      0.8685819728496357,
      0.860494474443003
    ],
    "test_acc": [
      52.77,
      60.03,
      63.68,
      66.26,
      67.91,
      68.83,
      69.6,
      69.8,
      70.16,
      70.71
    ]
  }
}