{
  "config": {
    "run_name": "exp1_2_K128_L8",
    "out_dir": "./results",
    "seed": 42,
    "bs_train": 128,
    "bs_test": 32,
    "batches": 100,
    "epochs": 10,
    "early_stopping": 3,
    "checkpoints": null,
    "lr": 0.001,
    "reg": 0.001,
    "filters_per_layer": [
      128
    ],
    "pool_every": 4,
    "hidden_dims": [
      100
    ],
    "ycn": false,
    "kw": {},
    "layers_per_block": 8
  },
  "results": {
    "num_epochs": 10,
    "train_loss": [
      2.303361220359802,
      2.302804925441742,
      2.302662556171417,
      2.3025403928756716,
      2.3025015783309937,
      2.3024735188484193,
      2.30246497631073,
      2.302457935810089,
      2.3024678134918215,
      2.3024685859680174
    ],
    "train_acc": [
      10.03125,
      9.96875,
      9.9453125,
      10.234375,
      10.2578125,
      10.3515625,
      10.3515625,
      10.3515625,
      10.2265625,
      10.3515625
    ],
    "test_loss": [
      2.302907478809357,
      2.302981507778168,
      2.302858624458313,
      2.302742283344269,
      2.302664484977722,
      2.3026514506340026,
      2.302641749382019,
      2.3026332688331603,
      2.302679283618927,
      2.302619230747223
    ],
    "test_acc": [
      10.125,
      9.84375,
      9.84375,
      9.84375,
      10.125,
      10.125,
      10.125,
      10.125,
      10.125,
      10.125
    ]
  }
}