{
  "config": {
    "run_name": "exp1_1_K32_L16",
    "out_dir": "./results",
    "seed": 42,
    "bs_train": 128,
    "bs_test": 32,
    "batches": 100,
    "epochs": 10,
    "early_stopping": 3,
    "checkpoints": null,
    "lr": 0.001,
    "reg": 0.001,
    "filters_per_layer": [
      32
    ],
    "layers_per_block": 16,
    "pool_every": 8,
    "hidden_dims": [
      100
    ],
    "ycn": false,
    "kw": {}
  },
  "results": {
    "num_epochs": 10,
    "train_loss": [
      2.3029700057280946,
      2.30275593328354,
      2.302725584610649,
      2.3027148466280964,
      2.302707438578691,
      2.302703315949501,
      2.302699600034358,
      2.302698772581642,
      2.3026985658709047,
      2.3026988457535844
    ],
    "train_acc": [
      9.99,
      9.98,
      9.81,
      9.776,
      9.708,
      9.714,
      9.734,
      9.65,
      9.632,
      9.628
    ],
    "test_loss": [
      2.302676427859468,
      2.3026260964024945,
      2.302614432173415,
      2.3026079484068167,
      2.302604040017905,
      2.3026021334309927,
      2.302601322198447,
      2.3026004104187696,
      2.3026006244622863,
      2.3026006473139073
    ],
    "test_acc": [
      10.0,
      10.0,
      10.0,
      10.0,
      10.0,
      10.0,
      10.0,
      10.0,
      10.0,
      10.0
    ]
  }
}