{
  "config": {
    "run_name": "exp1_1_K32_L8",
    "out_dir": "./results",
    "seed": 42,
    "bs_train": 128,
    "bs_test": 32,
    "batches": 100,
    "epochs": 10,
    "early_stopping": 3,
    "checkpoints": null,
    "lr": 0.001,
    "reg": 0.001,
    "filters_per_layer": [
      32
    ],
    "pool_every": 4,
    "hidden_dims": [
      100
    ],
    "ycn": false,
    "kw": {},
    "layers_per_block": 8
  },
  "results": {
    "num_epochs": 10,
    "train_loss": [
      2.303468594551086,
      2.3028260111808776,
      2.302720785140991,
      2.3026402163505555,
      2.3025745868682863,
      2.3025338435173035,
      2.302502694129944,
      2.3024809670448305,
      2.3024625611305236,
      2.302454562187195
    ],
    "train_acc": [
      10.0390625,
      10.1484375,
      9.984375,
      9.90625,
      9.984375,
      10.1015625,
      10.1484375,
      10.0546875,
      9.96875,
      10.0703125
    ],
    "test_loss": [
      2.302764949798584,
      2.3026391673088074,
      2.302578082084656,
      2.3025421833992006,
      2.3025265860557558,
      2.3025202202796935,
      2.3025179052352907,
      2.302517213821411,
      2.302518515586853,
      2.3025204133987427
    ],
    "test_acc": [
      9.96875,
      9.96875,
      9.96875,
      10.125,
      10.125,
      10.125,
      10.125,
      10.125,
      10.125,
      10.125
    ]
  }
}