{
  "config": {
    "run_name": "exp1_2_K32_L4",
    "out_dir": "./results",
    "seed": 42,
    "bs_train": 128,
    "bs_test": 32,
    "batches": 100,
    "epochs": 10,
    "early_stopping": 3,
    "checkpoints": null,
    "lr": 0.001,
    "reg": 0.001,
    "filters_per_layer": [
      32
    ],
    "pool_every": 2,
    "hidden_dims": [
      100
    ],
    "ycn": false,
    "kw": {},
    "layers_per_block": 4
  },
  "results": {
    "num_epochs": 10,
    "train_loss": [
      2.083046988248825,
      1.7798890829086305,
      1.5985062801837921,
      1.494262590408325,
      1.4117513859272004,
      1.3356426656246185,
      1.2619823682308198,
      1.196417499780655,
      1.1376589471101761,
      1.098825672864914
    ],
    "train_acc": [
      22.3046875,
      35.078125,
      41.390625,
      45.140625,
      48.5859375,
      51.5390625,
      54.1484375,
      57.125,
      58.984375,
      60.9453125
    ],
    "test_loss": [
      1.918903775215149,
      1.6976496839523316,
      1.5718862843513488,
      1.5119937193393707,
      1.4357721817493438,
      1.3569286108016967,
      1.3207352077960968,
      1.2877996778488159,
      1.2626815325021743,
      1.2462014424800874
    ],
    "test_acc": [
      30.71875,
      37.375,
      43.53125,
      46.53125,
      49.125,
      51.90625,
      52.78125,
      54.75,
      55.03125,
      55.21875
    ]
  }
}