{
  "config": {
    "run_name": "exp1_1_K32_L16",
    "out_dir": "./results",
    "seed": 42,
    "bs_train": 128,
    "bs_test": 32,
    "batches": 100,
    "epochs": 10,
    "early_stopping": 3,
    "checkpoints": null,
    "lr": 0.001,
    "reg": 0.001,
    "filters_per_layer": [
      32
    ],
    "pool_every": 8,
    "hidden_dims": [
      100
    ],
    "ycn": false,
    "kw": {},
    "layers_per_block": 16
  },
  "results": {
    "num_epochs": 10,
    "train_loss": [
      2.303273959159851,
      2.302745292186737,
      2.302642939090729,
      2.302584481239319,
      2.302530152797699,
      2.302505285739899,
      2.3024848222732546,
      2.30247092962265,
      2.3024605822563173,
      2.3024522614479066
    ],
    "train_acc": [
      9.515625,
      10.3515625,
      10.3515625,
      10.3515625,
      10.3515625,
      10.3515625,
      10.3515625,
      10.3515625,
      10.3515625,
      10.3515625
    ],
    "test_loss": [
      2.3030781149864197,
      2.302790870666504,
      2.302743527889252,
      2.3027050733566283,
      2.302655782699585,
      2.3026308751106264,
      2.302612898349762,
      2.302601435184479,
      2.3025927329063416,
      2.3025852179527284
    ],
    "test_acc": [
      10.125,
      10.125,
      10.125,
      10.125,
      10.125,
      10.125,
      10.125,
      10.125,
      10.125,
      10.125
    ]
  }
}