{
  "config": {
    "run_name": "exp1_1_K64_L16",
    "out_dir": "./results",
    "seed": 42,
    "bs_train": 128,
    "bs_test": 32,
    "batches": 100,
    "epochs": 10,
    "early_stopping": 3,
    "checkpoints": null,
    "lr": 0.001,
    "reg": 0.001,
    "filters_per_layer": [
      64
    ],
    "layers_per_block": 16,
    "pool_every": 8,
    "hidden_dims": [
      100
    ],
    "ycn": false,
    "kw": {}
  },
  "results": {
    "num_epochs": 10,
    "train_loss": [
      2.3032340155842967,
      2.302812102505618,
      2.3027554881542236,
      2.3027373488296936,
      2.3027242303199476,
      2.3027221235777717,
      2.30273477317732,
      2.3027068074706873,
      2.30271733752297,
      2.3027000921156704
    ],
    "train_acc": [
      9.648,
      9.714,
      9.718,
      9.676,
      9.726,
      9.668,
      9.684,
      9.764,
      9.67,
      9.732
    ],
    "test_loss": [
      2.302742964924334,
      2.302644047874231,
      2.302639047177836,
      2.302614501489999,
      2.302609212101458,
      2.30261119486044,
      2.3026092745625553,
      2.3026054461543173,
      2.302604501620649,
      2.3026019521414662
    ],
    "test_acc": [
      10.0,
      10.0,
      10.0,
      10.0,
      10.0,
      10.0,
      10.0,
      10.0,
      10.0,
      10.0
    ]
  }
}