{
  "config": {
    "run_name": "exp1_3_L4_K64-128-256",
    "out_dir": "./results",
    "seed": 42,
    "bs_train": 128,
    "bs_test": 32,
    "batches": 100,
    "epochs": 10,
    "early_stopping": 3,
    "checkpoints": null,
    "lr": 0.001,
    "reg": 0.001,
    "filters_per_layer": [
      64,
      128,
      256
    ],
    "layers_per_block": 4,
    "pool_every": 4,
    "hidden_dims": [
      100
    ],
    "ycn": false,
    "kw": {}
  },
  "results": {
    "num_epochs": 8,
    "train_loss": [
      2.3030370086660166,
      2.3027444489471747,
      2.302724669351602,
      2.3027114618159925,
      2.302701939707217,
      2.302698847582883,
      2.3027000104070017,
      2.302697490853117
    ],
    "train_acc": [
      9.946,
      9.902,
      9.73,
      9.702,
      9.646,
      9.688,
      9.694,
      9.676
    ],
    "test_loss": [
      2.3026059313704033,
      2.302616565753096,
      2.302603589840971,
      2.3026006892085458,
      2.302600141531362,
      2.302600258074629,
      2.3026003540514375,
      2.302600603895827
    ],
    "test_acc": [
      10.0,
      10.0,
      10.0,
      10.0,
      10.0,
      10.0,
      10.0,
      10.0
    ]
  }
}