{
  "config": {
    "run_name": "exp1_2_K258_L4",
    "out_dir": "./results",
    "seed": 42,
    "bs_train": 128,
    "bs_test": 32,
    "batches": 100,
    "epochs": 10,
    "early_stopping": 3,
    "checkpoints": null,
    "lr": 0.001,
    "reg": 0.001,
    "filters_per_layer": [
      258
    ],
    "layers_per_block": 4,
    "pool_every": 2,
    "hidden_dims": [
      100
    ],
    "ycn": false,
    "kw": {}
  },
  "results": {
    "num_epochs": 10,
    "train_loss": [
      1.6322388246541133,
      1.154043904198405,
      0.9656230199062611,
      0.8421119352435822,
      0.756268014383438,
      0.6861648523746549,
      0.618565630348747,
      0.5596872520873614,
      0.5115392806432436,
      0.47594446111518096
    ],
    "train_acc": [
      40.526,
      58.898,
      65.868,
      70.464,
      73.366,
      75.934,
      78.244,
      80.45,
      81.998,
      83.166
    ],
    "test_loss": [
      1.297888130235215,
      1.0556017805973943,
      0.9830496207403299,
      0.8738832817481349,
      0.8545498093857933,
      0.8415928135474269,
      0.8524804229553515,
      0.8439099094547784,
      0.8432453627022691,
      0.8756503142868749
    ],
    "test_acc": [
      53.03,
      62.65,
      65.02,
      69.01,
      69.81,
      70.81,
      71.03,
      71.91,
      72.34,
      72.48
    ]
  }
}