{
  "config": {
    "run_name": "exp1_2_K128_L4",
    "out_dir": "./results",
    "seed": 42,
    "bs_train": 128,
    "bs_test": 32,
    "batches": 100,
    "epochs": 10,
    "early_stopping": 3,
    "checkpoints": null,
    "lr": 0.001,
    "reg": 0.001,
    "filters_per_layer": [
      128
    ],
    "pool_every": 2,
    "hidden_dims": [
      100
    ],
    "ycn": false,
    "kw": {},
    "layers_per_block": 4
  },
  "results": {
    "num_epochs": 10,
    "train_loss": [
      1.9423007822036744,
      1.5747580885887147,
      1.4162647664546966,
      1.2761510336399078,
      1.1671788090467452,
      1.0612631297111512,
      0.9444637012481689,
      0.8598310947418213,
      0.7676629006862641,
      0.7193237912654876
    ],
    "train_acc": [
      27.921875,
      42.4609375,
      48.359375,
      54.0859375,
      57.9765625,
      62.1328125,
      66.171875,
      69.0625,
      72.8984375,
      74.6640625
    ],
    "test_loss": [
      1.7228619527816773,
      1.505248131752014,
      1.4136912274360656,
      1.2880281871557235,
      1.2096335554122926,
      1.1575942105054855,
      1.1750365543365477,
      1.1540069341659547,
      1.2490873289108277,
      1.3299859982728959
    ],
    "test_acc": [
      37.09375,
      45.5,
      49.46875,
      54.34375,
      56.8125,
      59.375,
      58.53125,
      60.3125,
      58.25,
      58.125
    ]
  }
}