{
  "config": {
    "run_name": "exp1_3_L1_K64-128-256",
    "out_dir": "./results",
    "seed": 42,
    "bs_train": 128,
    "bs_test": 32,
    "batches": 100,
    "epochs": 10,
    "early_stopping": 3,
    "checkpoints": null,
    "lr": 0.001,
    "reg": 0.001,
    "filters_per_layer": [
      64,
      128,
      256
    ],
    "pool_every": 1,
    "hidden_dims": [
      100
    ],
    "ycn": false,
    "kw": {},
    "layers_per_block": 1
  },
  "results": {
    "num_epochs": 10,
    "train_loss": [
      1.9125440645217895,
      1.5626387810707092,
      1.4097252368927002,
      1.291040359735489,
      1.2043336069583892,
      1.1250344759225845,
      1.048455291390419,
      0.9780636847019195,
      0.9171901106834411,
      0.8648201060295105
    ],
    "train_acc": [
      29.2890625,
      42.8046875,
      49.1796875,
      53.3125,
      56.953125,
      59.96875,
      62.9375,
      65.5703125,
      67.828125,
      69.4921875
    ],
    "test_loss": [
      1.654780434370041,
      1.5206910109519958,
      1.3421619075536728,
      1.27850714802742,
      1.2005115181207657,
      1.157802900671959,
      1.1103921216726302,
      1.0707094979286194,
      1.0421513998508454,
      1.0278579837083817
    ],
    "test_acc": [
      39.59375,
      45.1875,
      51.59375,
      54.34375,
      57.09375,
      58.46875,
      60.53125,
      61.40625,
      63.6875,
      63.9375
    ]
  }
}