{
  "config": {
    "run_name": "exp1_2_K64_L2",
    "out_dir": "./results",
    "seed": 42,
    "bs_train": 128,
    "bs_test": 32,
    "batches": 100,
    "epochs": 10,
    "early_stopping": 3,
    "checkpoints": null,
    "lr": 0.001,
    "reg": 0.001,
    "filters_per_layer": [
      64
    ],
    "pool_every": 1,
    "hidden_dims": [
      100
    ],
    "ycn": false,
    "kw": {},
    "layers_per_block": 2
  },
  "results": {
    "num_epochs": 10,
    "train_loss": [
      1.8616495406627656,
      1.5110885453224183,
      1.3868885552883148,
      1.291830062866211,
      1.2222937643527985,
      1.1728391766548156,
      1.1180952340364456,
      1.0689154326915742,
      1.0120481038093567,
      0.9624228608608246
    ],
    "train_acc": [
      32.2421875,
      45.5,
      50.3984375,
      54.109375,
      56.84375,
      58.8515625,
      61.0,
      62.5390625,
      64.6953125,
      66.40625
    ],
    "test_loss": [
      1.6338611841201782,
      1.4713334405422211,
      1.372658063173294,
      1.2954903185367583,
      1.2445656031370163,
      1.2088432109355927,
      1.201823348402977,
      1.1707550722360611,
      1.1252711182832718,
      1.1296987450122833
    ],
    "test_acc": [
      42.03125,
      47.375,
      50.9375,
      53.28125,
      55.28125,
      56.75,
      57.0,
      58.375,
      60.5,
      60.84375
    ]
  }
}