{
  "config": {
    "run_name": "exp1_1_K32_L2",
    "out_dir": "./results",
    "seed": 42,
    "bs_train": 128,
    "bs_test": 32,
    "batches": 100,
    "epochs": 10,
    "early_stopping": 3,
    "checkpoints": null,
    "lr": 0.001,
    "reg": 0.001,
    "filters_per_layer": [
      32
    ],
    "pool_every": 1,
    "hidden_dims": [
      100
    ],
    "ycn": false,
    "kw": {},
    "layers_per_block": 2
  },
  "results": {
    "num_epochs": 10,
    "train_loss": [
      1.9614046049118041,
      1.611401960849762,
      1.4984168493747712,
      1.42032066822052,
      1.356319797039032,
      1.2996570241451264,
      1.2493659794330596,
      1.2045914316177369,
      1.1619053083658217,
      1.1239042699337005
    ],
    "train_acc": [
      28.2890625,
      41.6875,
      46.328125,
      48.8671875,
      51.5,
      53.7421875,
      55.7890625,
      57.390625,
      59.125,
      60.75
    ],
    "test_loss": [
      1.7085439801216125,
      1.555791393518448,
      1.464029130935669,
      1.4046248698234558,
      1.3550640606880189,
      1.316947330236435,
      1.2852034163475037,
      1.2547110557556151,
      1.2271991419792174,
      1.2028974336385727
    ],
    "test_acc": [
      39.3125,
      43.5,
      45.71875,
      48.5625,
      51.25,
      52.59375,
      53.75,
      55.15625,
      56.15625,
      57.125
    ]
  }
}