{
  "config": {
    "run_name": "exp1_1_K32_L4",
    "out_dir": "./results",
    "seed": 42,
    "bs_train": 128,
    "bs_test": 32,
    "batches": 100,
    "epochs": 10,
    "early_stopping": 3,
    "checkpoints": null,
    "lr": 0.001,
    "reg": 0.001,
    "filters_per_layer": [
      32
    ],
    "layers_per_block": 4,
    "pool_every": 2,
    "hidden_dims": [
      100
    ],
    "ycn": false,
    "kw": {}
  },
  "results": {
    "num_epochs": 10,
    "train_loss": [
      1.7619946777363262,
      1.3846788662473868,
      1.2029581423610678,
      1.0819719628909665,
      1.001749097233843,
      0.9297612152441078,
      0.8623115635284072,
      0.8067811447031358,
      0.755577197617582,
      0.7116850968974325
    ],
    "train_acc": [
      35.276,
      49.96,
      57.072,
      61.492,
      64.512,
      67.146,
      69.552,
      71.624,
      73.44,
      75.188
    ],
    "test_loss": [
      1.527444038528223,
      1.2381564576785786,
      1.12662863426696,
      1.0572291726883227,
      1.000614786871706,
      0.9381336922081895,
      0.908315043860731,
      0.88135064324251,
      0.8559261364296983,
      0.8631266905857732
    ],
    "test_acc": [
      44.91,
      55.49,
      60.16,
      62.57,
      64.7,
      67.06,
      68.14,
      69.12,
      70.21,
      70.38
    ]
  }
}