{
  "config": {
    "run_name": "exp2_L2_K64-128-256-512",
    "out_dir": "./results",
    "seed": 42,
    "bs_train": 128,
    "bs_test": 32,
    "batches": 10000,
    "epochs": 10,
    "early_stopping": 3,
    "checkpoints": null,
    "lr": 0.001,
    "reg": 0.001,
    "filters_per_layer": [
      64,
      128,
      256,
      512
    ],
    "pool_every": 2,
    "hidden_dims": [
      100
    ],
    "ycn": true,
    "kw": {},
    "layers_per_block": 2
  },
  "results": {
    "num_epochs": 10,
    "train_loss": [
      1.6548842615483668,
      1.2733727614288135,
      1.0823498979553847,
      0.9651515866484484,
      0.8807043509410165,
      0.8127100970738989,
      0.7617056569479921,
      0.7131802207978485,
      0.6829873036850443,
      0.6595613813918569
    ],
    "train_acc": [
      38.134,
      54.24,
      61.788,
      66.762,
      70.09,
      72.566,
      74.532,
      75.936,
      77.114,
      78.044
    ],
    "test_loss": [
      1.358745851455786,
      1.0605304267840645,
      0.9251126474656236,
      0.8289137501686145,
      0.738605630854829,
      0.7365746767566608,
      0.6692801847244604,
      0.651552998743499,
      0.667603924251593,
      0.6130936945589206
    ],
    "test_acc": [
      48.96,
      61.99,
      67.5,
      71.6,
      74.7,
      75.12,
      77.44,
      77.82,
      77.83,
      80.01
    ]
  }
}