{
  "config": {
    "run_name": "exp2_L1_K64-128-256-512",
    "out_dir": "./results",
    "seed": 42,
    "bs_train": 128,
    "bs_test": 32,
    "batches": 10000,
    "epochs": 10,
    "early_stopping": 3,
    "checkpoints": null,
    "lr": 0.001,
    "reg": 0.001,
    "filters_per_layer": [
      64,
      128,
      256,
      512
    ],
    "pool_every": 2,
    "hidden_dims": [
      100
    ],
    "ycn": true,
    "kw": {},
    "layers_per_block": 1
  },
  "results": {
    "num_epochs": 10,
    "train_loss": [
      1.7799368511380442,
      1.4442446942219649,
      1.3059738459794417,
      1.2139795946952936,
      1.1310800291083354,
      1.0406022652640672,
      0.9616721842599951,
      0.9111152707463335,
      0.8530147680846016,
      0.8161180876100155
    ],
    "train_acc": [
      33.088,
      45.788,
      51.36,
      54.422,
      57.768,
      62.344,
      65.552,
      67.81,
      70.15,
      71.348
    ],
    "test_loss": [
      1.3406357928967705,
      1.1861431610089141,
      1.0384052559590569,
      0.9508991942238122,
      0.9016276439919639,
      0.8218016630163589,
      0.7688901446307429,
      0.7469379520073486,
      0.7393615103948611,
      0.6890785996906292
    ],
    "test_acc": [
      52.54,
      59.01,
      63.71,
      67.38,
      68.78,
      71.49,
      73.29,
      74.57,
      74.66,
      76.59
    ]
  }
}