{
  "config": {
    "run_name": "exp2_L3_K64-128-256-512",
    "out_dir": "./results",
    "seed": 42,
    "bs_train": 128,
    "bs_test": 32,
    "batches": 10000,
    "epochs": 10,
    "early_stopping": 3,
    "checkpoints": null,
    "lr": 0.001,
    "reg": 0.001,
    "filters_per_layer": [
      64,
      128,
      256,
      512
    ],
    "pool_every": 4,
    "hidden_dims": [
      100
    ],
    "ycn": true,
    "kw": {},
    "layers_per_block": 3
  },
  "results": {
    "num_epochs": 10,
    "train_loss": [
      1.8218107744860832,
      1.5433767393726827,
      1.347385401006245,
      1.193570083516943,
      1.08019550697273,
      0.9872483271162223,
      0.9143596739720201,
      0.8541255149694965,
      0.7977524146704418,
      0.7474236502062024
    ],
    "train_acc": [
      29.568,
      42.016,
      50.652,
      57.06,
      61.656,
      65.304,
      68.168,
      70.344,
      72.664,
      74.676
    ],
    "test_loss": [
      1.5968829332449186,
      1.4493136484021196,
      1.3960064558175425,
      1.1115103466823077,
      0.993088429537825,
      1.0190715432738344,
      0.8529338580541337,
      0.7989619755135557,
      0.7300715692127093,
      0.737343403287589
    ],
    "test_acc": [
      39.65,
      44.85,
      51.33,
      59.66,
      66.12,
      64.68,
      70.05,
      72.47,
      74.99,
      74.94
    ]
  }
}