{
  "config": {
    "run_name": "exp2_L4_K64-128-256-512",
    "out_dir": "./results",
    "seed": 42,
    "bs_train": 128,
    "bs_test": 32,
    "batches": 10000,
    "epochs": 10,
    "early_stopping": 3,
    "checkpoints": null,
    "lr": 0.001,
    "reg": 0.001,
    "filters_per_layer": [
      64,
      128,
      256,
      512
    ],
    "layers_per_block": 4,
    "pool_every": 4,
    "hidden_dims": [
      100
    ],
    "ycn": true,
    "kw": {}
  },
  "results": {
    "num_epochs": 10,
    "train_loss": [
      1.6453549807029002,
      1.2753359274486142,
      1.0997833194939985,
      0.9894868312284465,
      0.909957574151666,
      0.84010436437319,
      0.7748107745519379,
      0.7256230347601654,
      0.6864685423843696,
      0.6546085287847787
    ],
    "train_acc": [
      38.554,
      54.294,
      61.068,
      65.416,
      68.816,
      71.402,
      74.052,
      75.798,
      77.12,
      78.284
    ],
    "test_loss": [
      1.453187164788048,
      1.2543445416151906,
      1.1802668110631145,
      1.1087949268353252,
      0.9667281826464132,
      0.8812863299260124,
      0.800755749876126,
      0.715800614497913,
      0.7535713294062751,
      0.7059981506377363
    ],
    "test_acc": [
      46.3,
      55.19,
      58.83,
      61.9,
      67.01,
      69.82,
      73.29,
      75.96,
      74.53,
      76.24
    ]
  }
}