{
  "config": {
    "run_name": "exp2_L2_K64-128-256-512",
    "out_dir": "./results",
    "seed": 42,
    "bs_train": 128,
    "bs_test": 32,
    "batches": 10000,
    "epochs": 10,
    "early_stopping": 3,
    "checkpoints": null,
    "lr": 0.001,
    "reg": 0.001,
    "filters_per_layer": [
      64,
      128,
      256,
      512
    ],
    "layers_per_block": 2,
    "pool_every": 2,
    "hidden_dims": [
      100
    ],
    "ycn": true,
    "kw": {}
  },
  "results": {
    "num_epochs": 10,
    "train_loss": [
      1.5109506814985934,
      1.0926773275255852,
      0.9222180768656913,
      0.8249727525674474,
      0.7505696440291831,
      0.70377165589796,
      0.6633227361590052,
      0.6313229309933265,
      0.6045545797671199,
      0.5828459981609794
    ],
    "train_acc": [
      45.144,
      61.172,
      67.9,
      71.438,
      74.264,
      75.958,
      77.6,
      78.512,
      79.506,
      80.424
    ],
    "test_loss": [
      1.185780433039315,
      0.9230221277608658,
      0.7647477870170301,
      0.7221320726620123,
      0.6959224756533345,
      0.6797304157727062,
      0.6073482768318523,
      0.6150617787061027,
      0.5741679878375782,
      0.5570418595696409
    ],
    "test_acc": [
      57.23,
      67.77,
      73.69,
      74.96,
      76.17,
      76.78,
      79.39,
      79.09,
      80.11,
      81.22
    ]
  }
}