{
  "config": {
    "run_name": "exp2_L4_K64-128-256-512",
    "out_dir": "./results",
    "seed": 42,
    "bs_train": 128,
    "bs_test": 32,
    "batches": 10000,
    "epochs": 10,
    "early_stopping": 3,
    "checkpoints": null,
    "lr": 0.001,
    "reg": 0.001,
    "filters_per_layer": [
      64,
      128,
      256,
      512
    ],
    "pool_every": 4,
    "hidden_dims": [
      100
    ],
    "ycn": true,
    "kw": {},
    "layers_per_block": 4
  },
  "results": {
    "num_epochs": 10,
    "train_loss": [
      1.8931823474976717,
      1.6415665835675681,
      1.4942413111172064,
      1.370975387980566,
      1.2531823297900617,
      1.1595231570551157,
      1.0904049252914956,
      1.0314415635355294,
      0.9860710257764362,
      0.945690352745983
    ],
    "train_acc": [
      25.416,
      37.29,
      43.844,
      50.244,
      55.258,
      58.616,
      61.426,
      63.598,
      65.408,
      66.954
    ],
    "test_loss": [
      1.812754307311183,
      1.5243084891535603,
      1.398753283122858,
      1.4997233792234914,
      1.2004186219681565,
      1.3717568377717235,
      1.139223385161866,
      1.0082350403736955,
      1.0173306697473739,
      0.9560991099086432
    ],
    "test_acc": [
      31.97,
      41.41,
      47.47,
      47.71,
      56.92,
      52.39,
      60.11,
      64.04,
      63.27,
      65.93
    ]
  }
}